"","Rk","G","Date","Age","Tm","X","Opp","X.1","GS","MP","FG","FGA","FG.","X3P","X3PA","X3P.","FT","FTA","FT.","ORB","DRB","TRB","AST","STL","BLK","TOV","PF","PTS","GmSc","X...","Result","Dummy"
"1",1,1,"2012-10-31","23-066","HOU","@","DET","W (+9)","1","44:04","14","25",".560","4","10",".400","5","6",".833","1","5","6","12","4","1","4","2","37","35.2","+18","W",1
"2",2,2,"2012-11-02","23-068","HOU","@","ATL","W (+7)","1","39:49","14","19",".737","2","4",".500","15","17",".882","1","6","7","2","0","0","5","3","45","34.2","+17","W",1
"3",3,3,"2012-11-03","23-069","HOU","","POR","L (-10)","1","40:43","8","24",".333","1","6",".167","7","10",".700","2","4","6","5","1","1","5","3","24","10.8","-16","L",0
"4",4,4,"2012-11-07","23-073","HOU","","DEN","L (-6)","1","38:20","5","15",".333","0","5",".000","5","7",".714","1","2","3","2","5","0","6","1","15","7.0","-6","L",0
"5",5,5,"2012-11-09","23-075","HOU","@","MEM","L (-8)","1","40:38","4","18",".222","1","6",".167","9","10",".900","2","2","4","4","0","2","5","1","18","7.4","-2","L",0
"6",6,6,"2012-11-10","23-076","HOU","","DET","W (+14)","1","35:16","6","14",".429","2","6",".333","6","7",".857","0","5","5","2","0","0","5","0","20","10.1","+11","W",1
"7",7,7,"2012-11-12","23-078","HOU","","MIA","L (-3)","1","39:50","6","17",".353","1","6",".167","9","11",".818","0","3","3","5","1","1","2","4","22","14.2","-9","L",0
"8",8,8,"2012-11-14","23-080","HOU","","NOH","W (+4)","1","39:19","10","20",".500","1","7",".143","9","11",".818","0","3","3","4","0","1","1","2","30","21.8","-2","W",1
"9",9,9,"2012-11-16","23-082","HOU","@","POR","L (-2)","1","43:26","8","18",".444","2","4",".500","11","12",".917","2","4","6","6","3","0","4","4","29","23.4","0","L",0
"10",10,10,"2012-11-18","23-084","HOU","@","LAL","L (-11)","1","38:19","7","18",".389","3","7",".429","3","5",".600","0","2","2","7","1","0","5","2","20","10.1","-10","L",0
"11",11,11,"2012-11-19","23-085","HOU","@","UTA","L (-11)","1","17:29","1","6",".167","1","2",".500","3","3","1.000","0","2","2","3","0","1","2","2","6","2.8","-13","L",0
"12",12,12,"2012-11-21","23-087","HOU","","CHI","W (+4)","1","42:25","8","14",".571","3","7",".429","9","13",".692","1","3","4","3","5","0","6","3","28","21.3","+6","W",1
"13",13,13,"2012-11-23","23-089","HOU","","NYK","W (+28)","1","39:25","7","15",".467","3","5",".600","16","16","1.000","0","4","4","9","1","1","3","3","33","30.3","+27","W",1
"14",14,14,"2012-11-27","23-093","HOU","","TOR","W (+16)","1","43:36","9","19",".474","4","8",".500","2","3",".667","1","5","6","12","3","1","4","1","24","23.8","+13","W",1
"15",15,15,"2012-11-28","23-094","HOU","@","OKC","L (-22)","1","39:27","3","16",".188","2","5",".400","9","11",".818","1","1","2","3","1","0","3","2","17","6.5","-17","L",0
"16",16,16,"2012-12-01","23-097","HOU","","UTA","W (+8)","1","39:16","7","16",".438","1","3",".333","3","3","1.000","1","1","2","7","1","0","5","2","18","10.7","-3","W",1
"17",17,17,"2012-12-04","23-100","HOU","","LAL","W (+2)","1","37:43","3","19",".158","0","4",".000","9","11",".818","5","5","10","6","1","0","4","4","15","6.7","+3","W",1
"18",18,18,"2012-12-07","23-103","HOU","@","SAS","L (-22)","1","34:26","10","16",".625","3","6",".500","6","7",".857","0","3","3","5","4","0","3","1","29","26.4","-15","L",0
"19",19,19,"2012-12-08","23-104","HOU","","DAL","L (-7)","1","45:47","10","17",".588","4","9",".444","15","16",".938","0","6","6","9","2","1","6","3","39","34.3","-7","L",0
"21",21,20,"2012-12-12","23-108","HOU","","WAS","W (+6)","1","39:18","10","20",".500","2","6",".333","9","9","1.000","1","3","4","2","3","0","5","0","31","22.0","+8","W",1
"22",22,21,"2012-12-14","23-110","HOU","","BOS","W (+12)","1","38:22","6","17",".353","2","7",".286","7","8",".875","0","5","5","5","3","0","1","1","21","17.7","+16","W",1
"23",23,22,"2012-12-16","23-112","HOU","@","TOR","L (-7)","1","41:20","7","18",".389","0","3",".000","14","15",".933","1","3","4","4","1","1","2","2","28","21.1","-2","L",0
"24",24,23,"2012-12-17","23-113","HOU","@","NYK","W (+13)","1","37:42","9","18",".500","2","6",".333","8","9",".889","1","9","10","3","2","0","1","3","28","23.9","+13","W",1
"25",25,24,"2012-12-19","23-115","HOU","","PHI","W (+22)","1","37:29","7","12",".583","2","3",".667","17","18",".944","0","2","2","7","0","1","2","3","33","30.0","+32","W",1
"26",26,25,"2012-12-22","23-118","HOU","","MEM","W (+25)","1","30:22","9","13",".692","3","3","1.000","10","12",".833","0","2","2","8","3","0","3","1","31","30.5","+14","W",1
"27",27,26,"2012-12-25","23-121","HOU","@","CHI","W (+23)","1","35:53","7","13",".538","1","2",".500","11","13",".846","1","4","5","6","2","1","1","1","26","26.3","+26","W",1
"28",28,27,"2012-12-26","23-122","HOU","@","MIN","W (+3)","1","37:37","11","22",".500","2","5",".400","6","6","1.000","2","4","6","3","2","1","3","2","30","22.6","-9","W",1
"29",29,28,"2012-12-28","23-124","HOU","@","SAS","L (-6)","1","41:02","10","22",".455","3","4",".750","10","13",".769","3","2","5","7","2","0","5","5","33","23.0","-11","L",0
"30",30,29,"2012-12-29","23-125","HOU","","OKC","L (-30)","1","31:17","6","17",".353","2","7",".286","11","14",".786","0","3","3","1","2","0","4","3","25","12.7","-13","L",0
"31",31,30,"2012-12-31","23-127","HOU","","ATL","W (+19)","1","34:10","7","17",".412","2","6",".333","12","13",".923","1","1","2","5","2","1","1","1","28","24.3","+4","W",1
"32",32,31,"2013-01-02","23-129","HOU","","NOH","W (+12)","1","40:29","11","23",".478","2","8",".250","7","9",".778","0","2","2","7","0","0","3","3","31","19.8","+13","W",1
"33",33,32,"2013-01-04","23-131","HOU","@","MIL","W (+14)","1","38:09","11","18",".611","2","4",".500","5","7",".714","1","1","2","7","4","1","2","3","29","27.4","+28","W",1
"34",34,33,"2013-01-05","23-132","HOU","@","CLE","W (+8)","1","37:56","6","17",".353","3","9",".333","14","15",".933","0","2","2","3","7","1","5","3","29","23.3","+2","W",1
"35",35,34,"2013-01-08","23-135","HOU","","LAL","W (+13)","1","39:31","11","19",".579","1","4",".250","8","8","1.000","0","6","6","9","0","0","4","2","31","25.4","+11","W",1
"36",36,35,"2013-01-09","23-136","HOU","@","NOH","L (-9)","1","40:35","9","18",".500","2","4",".500","5","6",".833","0","4","4","3","1","0","7","4","25","11.3","+2","L",0
"37",37,36,"2013-01-11","23-138","HOU","@","BOS","L (-12)","1","39:51","9","19",".474","2","8",".250","4","7",".571","0","1","1","5","2","1","6","1","24","13.2","-7","L",0
"38",38,37,"2013-01-12","23-139","HOU","@","PHI","L (-7)","1","44:54","10","19",".526","2","9",".222","7","8",".875","1","8","9","6","2","0","4","3","29","23.4","-9","L",0
"39",39,38,"2013-01-15","23-142","HOU","","LAC","L (-8)","1","35:11","8","20",".400","2","9",".222","5","6",".833","0","4","4","3","1","0","5","4","23","9.5","-8","L",0
"40",40,39,"2013-01-16","23-143","HOU","@","DAL","L (-5)","1","37:23","5","23",".217","1","8",".125","9","12",".750","0","8","8","7","3","0","4","5","20","9.0","-6","L",0
"41",41,40,"2013-01-18","23-145","HOU","@","IND","L (-10)","1","41:16","5","19",".263","3","7",".429","4","5",".800","1","4","5","7","1","4","5","0","17","10.9","-17","L",0
"42",42,41,"2013-01-19","23-146","HOU","@","MIN","L (-13)","1","38:55","5","18",".278","0","7",".000","8","10",".800","4","3","7","5","2","0","4","5","18","9.8","-20","L",0
"43",43,42,"2013-01-21","23-148","HOU","@","CHA","W (+6)","1","41:27","5","20",".250","0","5",".000","19","21",".905","2","5","7","7","2","0","4","2","29","21.2","-1","W",1
"44",44,43,"2013-01-23","23-150","HOU","","DEN","L (-10)","1","39:09","8","17",".471","2","6",".333","5","5","1.000","0","3","3","7","1","0","7","3","23","12.9","-16","L",0
"45",45,44,"2013-01-25","23-152","HOU","@","NOH","W (+18)","1","35:44","8","15",".533","2","3",".667","12","12","1.000","1","3","4","8","1","0","8","2","30","22.1","+4","W",1
"46",46,45,"2013-01-26","23-153","HOU","","BRK","W (+13)","1","34:02","7","15",".467","2","5",".400","13","14",".929","1","2","3","7","2","1","0","1","29","29.4","-1","W",1
"47",47,46,"2013-01-28","23-155","HOU","@","UTA","W (+45)","1","27:40","8","15",".533","1","5",".200","8","8","1.000","1","2","3","3","1","1","0","1","25","22.4","+18","W",1
"48",48,47,"2013-01-30","23-157","HOU","@","DEN","L (-8)","1","41:53","6","13",".462","1","2",".500","8","12",".667","2","3","5","4","2","0","6","4","21","12.2","-3","L",0
"49",49,48,"2013-02-02","23-160","HOU","","CHA","W (+14)","1","40:24","6","11",".545","1","3",".333","8","9",".889","0","11","11","11","1","1","3","4","21","23.4","+16","W",1
"50",50,49,"2013-02-05","23-163","HOU","","GSW","W (+31)","1","30:13","5","11",".455","4","5",".800","4","8",".500","0","2","2","7","3","0","1","2","18","17.4","+22","W",1
"51",51,50,"2013-02-06","23-164","HOU","@","MIA","L (-6)","1","40:45","10","16",".625","4","7",".571","12","13",".923","2","10","12","7","3","0","4","3","36","35.5","-7","L",0
"52",52,51,"2013-02-08","23-166","HOU","","POR","W (+15)","1","37:47","13","16",".813","4","5",".800","5","6",".833","1","6","7","11","1","0","3","2","35","36.0","+21","W",1
"53",53,52,"2013-02-10","23-168","HOU","@","SAC","L (-6)","1","39:52","10","20",".500","2","7",".286","8","11",".727","3","3","6","4","1","0","4","1","30","21.2","-10","L",0
"54",54,53,"2013-02-12","23-170","HOU","@","GSW","W (+9)","1","38:40","7","22",".318","2","8",".250","11","11","1.000","1","6","7","5","3","0","5","0","27","18.4","+10","W",1
"56",56,54,"2013-02-20","23-178","HOU","","OKC","W (+3)","1","44:14","14","19",".737","7","8",".875","11","12",".917","1","6","7","6","2","1","2","2","46","44.5","+8","W",1
"57",57,55,"2013-02-22","23-180","HOU","@","BRK","W (+10)","1","42:00","7","14",".500","4","7",".571","4","5",".800","0","5","5","4","1","0","3","1","22","16.5","+9","W",1
"58",58,56,"2013-02-23","23-181","HOU","@","WAS","L (-2)","1","42:29","10","23",".435","3","11",".273","4","4","1.000","1","3","4","6","3","0","3","2","27","19.9","-6","L",0
"59",59,57,"2013-02-27","23-185","HOU","","MIL","L (-3)","1","38:20","8","18",".444","2","6",".333","7","10",".700","0","2","2","7","4","0","7","4","25","15.3","-9","L",0
"60",60,58,"2013-03-01","23-187","HOU","@","ORL","W (+8)","1","42:09","7","18",".389","0","5",".000","10","11",".909","0","7","7","8","3","1","2","3","24","22.0","+3","W",1
"61",61,59,"2013-03-03","23-189","HOU","","DAL","W (+33)","1","30:21","5","10",".500","4","8",".500","7","9",".778","0","4","4","7","1","0","0","1","21","21.9","+37","W",1
"62",62,60,"2013-03-06","23-192","HOU","@","DAL","L (-4)","1","39:00","5","17",".294","2","7",".286","16","16","1.000","1","3","4","9","2","0","2","3","28","24.8","-13","L",0
"63",63,61,"2013-03-08","23-194","HOU","@","GSW","W (+6)","1","41:41","3","17",".176","3","8",".375","11","14",".786","1","5","6","11","3","0","3","1","20","17.6","+5","W",1
"64",64,62,"2013-03-09","23-195","HOU","@","PHO","L (-2)","1","42:01","11","17",".647","7","10",".700","9","12",".750","1","4","5","8","1","0","8","3","38","28.6","+4","L",0
"65",65,63,"2013-03-13","23-199","HOU","","PHO","W (+30)","1","31:53","4","7",".571","3","5",".600","7","8",".875","0","2","2","4","0","0","4","2","18","12.9","+34","W",1
"66",66,64,"2013-03-15","23-201","HOU","","MIN","W (+8)","1","43:15","8","16",".500","5","10",".500","16","18",".889","0","7","7","8","0","0","5","5","37","28.9","+7","W",1
"67",67,65,"2013-03-17","23-203","HOU","","GSW","L (-30)","1","40:22","6","16",".375","3","7",".429","6","6","1.000","1","9","10","8","3","0","3","3","21","20.0","-19","L",0
"68",68,66,"2013-03-20","23-206","HOU","","UTA","W (+7)","1","38:01","5","14",".357","2","6",".333","17","18",".944","0","2","2","3","2","1","3","3","29","22.0","+7","W",1
"69",69,67,"2013-03-22","23-208","HOU","","CLE","W (+38)","1","30:44","5","9",".556","3","5",".600","7","9",".778","0","1","1","2","2","0","4","1","20","14.2","+21","W",1
"70",70,68,"2013-03-24","23-210","HOU","","SAS","W (+1)","1","40:05","6","16",".375","2","5",".400","15","17",".882","1","8","9","6","2","2","1","1","29","28.7","+5","W",1
"71",71,69,"2013-03-27","23-213","HOU","","IND","L (-9)","1","42:43","6","24",".250","3","10",".300","7","9",".778","0","4","4","8","1","0","3","4","22","10.0","-5","L",0
"72",72,70,"2013-03-29","23-215","HOU","@","MEM","L (-9)","1","26:43","3","9",".333","1","4",".250","0","0","","0","1","1","4","2","0","1","1","7","5.6","-16","L",0
"75",75,71,"2013-04-03","23-220","HOU","@","SAC","W (+10)","1","39:50","7","19",".368","2","8",".250","5","6",".833","1","6","7","9","0","2","5","2","21","14.5","+11","W",1
"76",76,72,"2013-04-05","23-222","HOU","@","POR","W (+18)","1","35:05","11","21",".524","4","9",".444","7","8",".875","0","7","7","6","1","1","4","0","33","26.3","+11","W",1
"77",77,73,"2013-04-06","23-223","HOU","@","DEN","L (-18)","1","28:55","2","10",".200","0","3",".000","10","10","1.000","1","3","4","5","1","1","3","2","14","10.8","-6","L",0
"78",78,74,"2013-04-09","23-226","HOU","","PHO","W (+3)","1","44:10","9","21",".429","2","8",".250","13","14",".929","0","6","6","6","3","1","9","3","33","21.0","+2","W",1
"79",79,75,"2013-04-12","23-229","HOU","","MEM","L (-4)","1","43:59","7","24",".292","5","10",".500","11","14",".786","1","6","7","6","2","2","8","4","30","15.3","-3","L",0
"80",80,76,"2013-04-14","23-231","HOU","","SAC","W (+21)","1","31:38","11","16",".688","4","6",".667","3","7",".429","1","3","4","9","2","1","2","0","29","29.2","+17","W",1
"81",81,77,"2013-04-15","23-232","HOU","@","PHO","L (-7)","1","34:13","5","18",".278","0","7",".000","6","11",".545","0","4","4","2","1","0","4","1","16","2.6","-20","L",0
"82",82,78,"2013-04-17","23-234","HOU","@","LAL","L (-4)","1","45:06","8","25",".320","4","13",".308","10","12",".833","2","6","8","3","1","0","6","3","30","14.0","-4","L",0
"83",1,1,"2013-10-30","24-065","HOU","","CHA","W (+13)","1","36:51","7","16",".438","1","6",".167","6","6","1.000","1","2","3","5","1","0","5","1","21","13.0","+9","W",1
"84",2,2,"2013-11-01","24-067","HOU","","DAL","W (+8)","1","39:07","11","17",".647","4","8",".500","8","9",".889","1","3","4","3","4","0","4","2","34","29.0","+22","W",1
"85",3,3,"2013-11-02","24-068","HOU","@","UTA","W (+11)","1","43:01","7","15",".467","2","6",".333","7","10",".700","1","3","4","5","3","1","5","4","23","16.3","+10","W",1
"86",4,4,"2013-11-04","24-070","HOU","@","LAC","L (-19)","1","32:48","6","16",".375","0","7",".000","3","5",".600","1","1","2","5","0","0","2","2","15","7.1","-11","L",0
"87",5,5,"2013-11-05","24-071","HOU","@","POR","W (+15)","1","39:34","11","18",".611","2","7",".286","9","10",".900","0","7","7","3","1","2","8","5","33","21.0","+11","W",1
"88",6,6,"2013-11-07","24-073","HOU","","LAL","L (-1)","1","43:54","9","24",".375","3","9",".333","14","16",".875","3","6","9","5","4","2","3","0","35","30.8","+2","L",0
"89",7,7,"2013-11-09","24-075","HOU","","LAC","L (-13)","1","37:35","4","15",".267","1","6",".167","3","3","1.000","1","4","5","5","2","1","3","2","12","7.4","-19","L",0
"90",8,8,"2013-11-11","24-077","HOU","","TOR","W (+6)","1","47:43","7","19",".368","3","9",".333","9","11",".818","0","3","3","10","3","1","6","4","26","18.7","+3","W",1
"92",10,9,"2013-11-14","24-080","HOU","@","NYK","W (+3)","1","41:40","9","17",".529","2","6",".333","16","18",".889","2","7","9","2","1","0","5","3","36","26.6","+3","W",1
"93",11,10,"2013-11-16","24-082","HOU","","DEN","W (+11)","1","35:41","5","16",".313","2","6",".333","5","5","1.000","2","3","5","9","1","1","3","5","17","13.1","+11","W",1
"94",12,11,"2013-11-19","24-085","HOU","","BOS","W (+24)","1","31:24","5","8",".625","3","3","1.000","2","2","1.000","0","4","4","5","1","1","7","2","15","10.0","+32","W",1
"95",13,12,"2013-11-20","24-086","HOU","@","DAL","L (-3)","1","42:34","6","14",".429","2","8",".250","9","11",".818","0","1","1","8","0","0","1","4","23","18.1","+3","L",0
"99",17,13,"2013-11-29","24-095","HOU","","BRK","W (+19)","1","25:53","1","4",".250","0","1",".000","7","7","1.000","1","0","1","7","1","0","1","1","9","11.8","+22","W",1
"100",18,14,"2013-11-30","24-096","HOU","@","SAS","W (+6)","1","37:19","10","19",".526","3","5",".600","8","13",".615","1","6","7","6","1","1","3","1","31","24.7","+3","W",1
"101",19,15,"2013-12-02","24-098","HOU","@","UTA","L (-6)","1","43:07","12","22",".545","3","9",".333","10","10","1.000","1","2","3","8","1","0","4","5","37","28.3","-12","L",0
"102",20,16,"2013-12-04","24-100","HOU","","PHO","L (-9)","1","41:08","3","17",".176","0","10",".000","8","8","1.000","0","4","4","2","1","0","5","4","14","0.3","-20","L",0
"103",21,17,"2013-12-06","24-102","HOU","","GSW","W (+22)","1","39:38","13","22",".591","1","3",".333","7","9",".778","0","7","7","4","1","1","4","2","34","24.8","+25","W",1
"104",22,18,"2013-12-08","24-104","HOU","","ORL","W (+10)","1","39:41","7","17",".412","3","7",".429","10","11",".909","4","4","8","10","0","0","3","1","27","25.1","+22","W",1
"105",23,19,"2013-12-12","24-108","HOU","@","POR","L (-7)","1","41:54","8","18",".444","2","5",".400","7","9",".778","0","6","6","7","1","0","3","2","25","18.7","+2","L",0
"106",24,20,"2013-12-13","24-109","HOU","@","GSW","W (+4)","1","42:16","9","22",".409","3","8",".375","5","8",".625","1","1","2","9","0","0","3","1","26","16.9","+19","W",1
"107",25,21,"2013-12-15","24-111","HOU","@","SAC","L (-15)","1","33:05","8","18",".444","3","9",".333","6","7",".857","1","2","3","3","1","0","3","3","25","15.4","-4","L",0
"108",26,22,"2013-12-18","24-114","HOU","","CHI","W (+15)","1","35:39","7","13",".538","1","4",".250","4","4","1.000","0","4","4","6","3","0","7","3","19","12.9","+22","W",1
"109",27,23,"2013-12-20","24-116","HOU","@","IND","L (-33)","1","32:32","3","14",".214","1","5",".200","5","6",".833","0","3","3","2","3","0","5","3","12","2.1","-16","L",0
"112",30,24,"2013-12-25","24-121","HOU","@","SAS","W (+13)","1","41:54","11","16",".688","3","3","1.000","3","6",".500","1","5","6","6","0","2","2","3","28","24.6","+19","W",1
"113",31,25,"2013-12-26","24-122","HOU","","MEM","W (+8)","1","43:51","2","9",".222","1","5",".200","22","25",".880","1","5","6","5","0","1","2","2","27","23.9","+13","W",1
"114",32,26,"2013-12-28","24-124","HOU","","NOP","W (+9)","1","40:20","7","17",".412","1","7",".143","6","7",".857","1","4","5","2","0","0","3","2","21","11.0","+2","W",1
"115",33,27,"2013-12-29","24-125","HOU","@","OKC","L (-31)","1","30:03","2","9",".222","0","3",".000","4","5",".800","2","1","3","3","0","1","2","1","8","4.2","-20","L",0
"116",34,28,"2013-12-31","24-127","HOU","","SAC","L (-4)","1","38:42","12","26",".462","5","11",".455","9","10",".900","3","7","10","1","2","0","5","5","38","24.1","-8","L",0
"117",35,29,"2014-01-03","24-130","HOU","","NYK","W (+2)","1","44:28","10","19",".526","5","10",".500","12","12","1.000","2","5","7","6","0","0","5","2","37","29.0","-2","W",1
"118",36,30,"2014-01-08","24-135","HOU","","LAL","W (+14)","1","38:20","14","23",".609","2","7",".286","8","11",".727","1","3","4","4","5","0","1","2","38","33.9","+18","W",1
"119",37,31,"2014-01-10","24-137","HOU","@","ATL","L (-3)","1","38:06","6","14",".429","2","3",".667","11","14",".786","0","7","7","7","0","0","5","1","25","18.0","+3","L",0
"120",38,32,"2014-01-11","24-138","HOU","@","WAS","W (+7)","1","38:05","7","14",".500","3","5",".600","8","9",".889","0","8","8","5","1","0","5","2","25","18.7","+4","W",1
"121",39,33,"2014-01-13","24-140","HOU","@","BOS","W (+12)","1","38:23","6","18",".333","2","6",".333","2","2","1.000","1","6","7","3","0","3","3","2","16","8.7","+12","W",1
"122",40,34,"2014-01-15","24-142","HOU","@","NOP","W (+3)","1","40:48","7","14",".500","2","3",".667","10","11",".909","0","2","2","7","2","1","4","3","26","21.6","+5","W",1
"123",41,35,"2014-01-16","24-143","HOU","","OKC","L (-12)","1","39:54","6","16",".375","2","8",".250","2","3",".667","0","7","7","8","0","0","3","2","16","10.7","-3","L",0
"124",42,36,"2014-01-18","24-145","HOU","","MIL","W (+10)","1","37:03","7","16",".438","1","6",".167","7","10",".700","1","3","4","4","5","0","4","3","22","16.6","+11","W",1
"125",43,37,"2014-01-20","24-147","HOU","","POR","W (+13)","1","41:25","7","15",".467","4","9",".444","4","5",".800","2","4","6","5","1","0","5","3","22","14.8","+5","W",1
"126",44,38,"2014-01-22","24-149","HOU","","SAC","W (+21)","1","33:03","7","16",".438","0","5",".000","10","10","1.000","0","2","2","9","2","2","3","2","24","22.1","+10","W",1
"127",45,39,"2014-01-24","24-151","HOU","","MEM","L (-1)","1","39:46","2","11",".182","1","4",".250","5","6",".833","0","2","2","13","1","0","1","2","10","11.6","+4","L",0
"128",46,40,"2014-01-25","24-152","HOU","@","MEM","L (-18)","1","34:06","6","13",".462","0","4",".000","4","4","1.000","2","2","4","3","0","1","3","0","16","11.1","-22","L",0
"131",49,41,"2014-02-01","24-159","HOU","","CLE","W (+14)","1","36:38","10","17",".588","3","8",".375","5","6",".833","1","2","3","4","0","0","3","2","28","20.0","+6","W",1
"132",50,42,"2014-02-05","24-163","HOU","","PHO","W (+14)","1","38:15","4","10",".400","3","5",".600","12","12","1.000","0","2","2","1","2","0","1","2","23","19.1","+25","W",1
"133",51,43,"2014-02-08","24-166","HOU","@","MIL","W (+6)","1","39:06","9","21",".429","1","9",".111","3","4",".750","0","2","2","3","4","0","5","1","22","11.8","+3","W",1
"134",52,44,"2014-02-10","24-168","HOU","@","MIN","W (+18)","1","32:08","4","14",".286","3","6",".500","8","8","1.000","0","5","5","5","1","0","4","0","19","12.8","+8","W",1
"135",53,45,"2014-02-12","24-170","HOU","","WAS","W (+1)","1","40:33","8","14",".571","3","6",".500","16","16","1.000","1","5","6","6","1","0","4","3","35","30.6","0","W",1
"136",54,46,"2014-02-19","24-177","HOU","@","LAL","W (+26)","1","32:05","10","18",".556","5","7",".714","4","6",".667","1","5","6","11","4","1","1","3","29","32.0","+23","W",1
"137",55,47,"2014-02-20","24-178","HOU","@","GSW","L (-3)","1","45:26","14","27",".519","3","8",".375","8","10",".800","2","2","4","5","1","0","2","4","39","27.8","0","L",0
"138",56,48,"2014-02-23","24-181","HOU","@","PHO","W (+3)","1","41:39","6","15",".400","2","7",".286","9","9","1.000","1","4","5","7","3","0","4","5","23","18.7","+14","W",1
"139",57,49,"2014-02-25","24-183","HOU","@","SAC","W (+26)","1","31:10","11","20",".550","6","9",".667","15","16",".938","0","2","2","8","3","0","5","2","43","36.4","+29","W",1
"140",58,50,"2014-02-26","24-184","HOU","@","LAC","L (-8)","1","42:43","6","16",".375","1","6",".167","5","7",".714","2","4","6","3","0","0","6","2","18","6.3","-13","L",0
"141",59,51,"2014-03-01","24-187","HOU","","DET","W (+8)","1","39:43","7","16",".438","1","6",".167","5","8",".625","1","4","5","12","3","0","4","0","20","19.7","+15","W",1
"142",60,52,"2014-03-04","24-190","HOU","","MIA","W (+3)","1","39:40","9","15",".600","1","5",".200","2","5",".400","0","4","4","11","1","0","6","3","21","15.6","+14","W",1
"143",61,53,"2014-03-05","24-191","HOU","@","ORL","W (+12)","1","36:05","11","19",".579","2","7",".286","7","7","1.000","1","2","3","6","0","0","3","2","31","23.8","+17","W",1
"144",62,54,"2014-03-07","24-193","HOU","","IND","W (+26)","1","30:31","10","17",".588","4","7",".571","4","6",".667","0","4","4","4","3","0","2","2","28","23.5","+28","W",1
"145",63,55,"2014-03-09","24-195","HOU","","POR","W (+5)","1","47:12","12","28",".429","7","12",".583","10","11",".909","2","8","10","6","6","1","4","5","41","34.5","+10","W",1
"146",64,56,"2014-03-11","24-197","HOU","@","OKC","L (-8)","1","43:42","9","21",".429","3","7",".429","7","7","1.000","0","8","8","9","1","1","3","1","28","23.9","-6","L",0
"147",65,57,"2014-03-13","24-199","HOU","@","CHI","L (-24)","1","26:36","2","7",".286","1","5",".200","3","4",".750","0","2","2","2","0","1","5","3","8","0.0","-30","L",0
"148",66,58,"2014-03-16","24-202","HOU","@","MIA","L (-9)","1","43:11","7","16",".438","5","12",".417","11","12",".917","0","3","3","1","1","0","4","3","30","18.6","-7","L",0
"149",67,59,"2014-03-17","24-203","HOU","","UTA","W (+38)","1","26:38","5","10",".500","2","4",".500","3","3","1.000","0","1","1","5","0","0","1","3","15","11.6","+11","W",1
"150",68,60,"2014-03-20","24-206","HOU","","MIN","W (+23)","1","36:20","9","16",".563","6","10",".600","4","4","1.000","1","4","5","8","1","0","7","1","28","21.5","+21","W",1
"151",69,61,"2014-03-22","24-208","HOU","@","CLE","W (+7)","1","29:28","9","15",".600","5","8",".625","14","14","1.000","0","3","3","10","4","1","1","1","37","41.3","+20","W",1
"152",70,62,"2014-03-24","24-210","HOU","@","CHA","W (+11)","1","39:07","11","19",".579","4","7",".571","5","7",".714","0","3","3","5","1","1","3","4","31","22.8","+10","W",1
"153",71,63,"2014-03-27","24-213","HOU","","PHI","W (+22)","1","31:29","9","17",".529","3","8",".375","5","6",".833","4","6","10","10","1","0","5","0","26","24.9","+26","W",1
"154",72,64,"2014-03-29","24-215","HOU","","LAC","L (-11)","1","41:31","9","22",".409","3","11",".273","11","13",".846","2","5","7","6","1","0","6","3","32","20.3","-2","L",0
"155",73,65,"2014-04-01","24-218","HOU","@","BRK","L (-9)","1","36:06","4","10",".400","2","6",".333","16","16","1.000","1","0","1","9","2","0","4","2","26","24.8","-17","L",0
"156",74,66,"2014-04-02","24-219","HOU","@","TOR","L (-4)","1","39:37","7","17",".412","2","6",".333","10","12",".833","0","6","6","4","2","0","1","4","26","20.1","-14","L",0
"157",75,67,"2014-04-04","24-221","HOU","","OKC","W (+4)","1","43:02","9","22",".409","4","8",".500","17","20",".850","0","9","9","7","2","0","5","2","39","29.8","+5","W",1
"158",76,68,"2014-04-06","24-223","HOU","","DEN","W (+5)","1","43:13","9","23",".391","3","10",".300","11","12",".917","0","4","4","10","4","0","5","3","32","25.1","+1","W",1
"159",77,69,"2014-04-08","24-225","HOU","@","LAL","W (+15)","1","31:46","10","15",".667","3","6",".500","10","11",".909","1","2","3","12","0","1","1","3","33","34.3","+26","W",1
"160",78,70,"2014-04-09","24-226","HOU","@","DEN","L (-7)","1","25:46","1","9",".111","0","4",".000","8","8","1.000","0","4","4","6","1","0","1","0","10","9.5","-21","L",0
"161",79,71,"2014-04-11","24-228","HOU","@","MIN","L (-2)","1","46:09","7","14",".500","4","5",".800","15","19",".789","1","7","8","10","6","0","5","5","33","33.2","-3","L",0
"162",80,72,"2014-04-12","24-229","HOU","","NOP","W (+7)","1","43:22","10","22",".455","3","8",".375","10","10","1.000","1","3","4","13","2","0","4","2","33","29.5","+11","W",1
"163",81,73,"2014-04-14","24-231","HOU","","SAS","W (+6)","1","35:11","4","16",".250","0","4",".000","8","8","1.000","0","2","2","7","1","0","1","4","16","10.3","+6","W",1
"165",1,1,"2014-10-28","25-063","HOU","@","LAL","W (+18)","1","30:46","7","17",".412","3","6",".500","15","16",".938","0","1","1","6","1","0","0","1","32","27.6","+12","W",1
"166",2,2,"2014-10-29","25-064","HOU","@","UTA","W (+11)","1","38:11","6","18",".333","1","5",".200","5","6",".833","1","6","7","10","0","1","6","5","18","9.6","+21","W",1
"167",3,3,"2014-11-01","25-067","HOU","","BOS","W (+14)","1","31:06","5","14",".357","2","6",".333","14","14","1.000","0","8","8","6","4","1","3","1","26","26.1","+18","W",1
"168",4,4,"2014-11-03","25-069","HOU","@","PHI","W (+11)","1","38:12","7","18",".389","4","8",".500","17","18",".944","1","8","9","5","1","1","4","2","35","28.3","+18","W",1
"169",5,5,"2014-11-04","25-070","HOU","@","MIA","W (+17)","1","40:23","6","13",".462","3","7",".429","10","10","1.000","2","7","9","10","1","2","5","2","25","25.4","+15","W",1
"170",6,6,"2014-11-06","25-072","HOU","","SAS","W (+17)","1","32:52","8","15",".533","1","4",".250","3","6",".500","2","4","6","6","1","3","8","1","20","13.0","+25","W",1
"171",7,7,"2014-11-08","25-074","HOU","","GSW","L (-11)","1","43:26","8","24",".333","1","11",".091","5","6",".833","0","7","7","7","2","0","5","0","22","12.0","-11","L",0
"172",8,8,"2014-11-12","25-078","HOU","@","MIN","W (+12)","1","39:45","8","23",".348","2","8",".250","5","5","1.000","1","3","4","10","3","0","1","3","23","19.5","+13","W",1
"173",9,9,"2014-11-14","25-080","HOU","","PHI","W (+1)","1","40:44","10","24",".417","1","5",".200","14","16",".875","0","6","6","7","3","1","5","5","35","24.8","+4","W",1
"174",10,10,"2014-11-16","25-082","HOU","@","OKC","W (+4)","1","37:13","5","17",".294","2","9",".222","7","8",".875","1","8","9","5","1","1","4","3","19","11.8","-2","W",1
"175",11,11,"2014-11-17","25-083","HOU","@","MEM","L (-26)","1","33:32","1","8",".125","0","4",".000","4","5",".800","1","4","5","4","2","1","3","4","6","3.2","-29","L",0
"176",12,12,"2014-11-19","25-085","HOU","","LAL","L (-6)","1","37:42","7","11",".636","2","3",".667","8","10",".800","0","4","4","7","1","1","6","4","24","18.5","-7","L",0
"177",13,13,"2014-11-22","25-088","HOU","","DAL","W (+3)","1","37:06","8","18",".444","4","9",".444","12","13",".923","3","5","8","4","2","0","4","3","32","25.4","-3","W",1
"178",14,14,"2014-11-24","25-090","HOU","","NYK","W (+5)","1","39:31","11","22",".500","7","12",".583","7","7","1.000","1","5","6","6","3","1","5","2","36","29.3","+7","W",1
"179",15,15,"2014-11-26","25-092","HOU","","SAC","W (+13)","1","37:27","10","31",".323","2","9",".222","4","6",".667","3","4","7","8","2","3","1","3","26","18.3","+5","W",1
"180",16,16,"2014-11-28","25-094","HOU","","LAC","L (-17)","1","37:51","5","12",".417","0","4",".000","6","6","1.000","0","4","4","6","2","2","5","3","16","12.2","-5","L",0
"181",17,17,"2014-11-29","25-095","HOU","@","MIL","W (+14)","1","38:16","9","14",".643","4","5",".800","12","13",".923","2","4","6","7","4","1","5","4","34","33.0","+14","W",1
"182",18,18,"2014-12-03","25-099","HOU","","MEM","W (+9)","1","28:02","6","11",".545","2","5",".400","7","8",".875","1","3","4","4","3","1","3","3","21","19.2","+21","W",1
"183",19,19,"2014-12-05","25-101","HOU","@","MIN","W (+2)","1","36:35","11","17",".647","3","5",".600","13","14",".929","0","4","4","6","0","0","8","6","38","25.1","+7","W",1
"184",20,20,"2014-12-06","25-102","HOU","","PHO","W (+5)","1","39:11","5","21",".238","1","9",".111","4","5",".800","1","11","12","7","2","3","6","1","15","8.5","+3","W",1
"185",21,21,"2014-12-10","25-106","HOU","@","GSW","L (-12)","1","39:35","14","27",".519","3","8",".375","3","4",".750","1","6","7","4","4","0","5","3","34","23.4","-5","L",0
"186",22,22,"2014-12-11","25-107","HOU","@","SAC","W (+4)","1","47:56","14","32",".438","3","10",".300","13","15",".867","0","4","4","8","3","1","2","2","44","34.1","+10","W",1
"187",23,23,"2014-12-13","25-109","HOU","","DEN","W (+12)","1","37:59","7","20",".350","2","5",".400","8","9",".889","0","10","10","10","1","2","3","3","24","20.6","+8","W",1
"188",24,24,"2014-12-17","25-113","HOU","@","DEN","W (+4)","1","44:55","11","21",".524","1","7",".143","18","21",".857","1","3","4","10","2","0","4","2","41","35.3","+12","W",1
"189",25,25,"2014-12-18","25-114","HOU","","NOP","L (-9)","1","34:04","8","23",".348","2","7",".286","3","5",".600","2","5","7","5","0","0","4","4","21","8.1","-10","L",0
"190",26,26,"2014-12-20","25-116","HOU","","ATL","L (-7)","1","39:11","5","16",".313","2","7",".286","6","6","1.000","1","5","6","14","1","1","3","5","18","17.5","+2","L",0
"191",27,27,"2014-12-22","25-118","HOU","","POR","W (+15)","1","31:50","14","26",".538","4","9",".444","12","13",".923","0","3","3","7","5","0","1","2","44","40.0","+19","W",1
"192",28,28,"2014-12-26","25-122","HOU","@","MEM","W (+6)","1","41:23","10","17",".588","2","4",".500","10","11",".909","1","7","8","10","0","3","2","1","32","33.2","+9","W",1
"193",29,29,"2014-12-28","25-124","HOU","@","SAS","L (-4)","1","35:56","10","18",".556","3","6",".500","5","6",".833","1","1","2","5","2","0","9","5","28","14.5","-14","L",0
"194",30,30,"2014-12-29","25-125","HOU","","WAS","L (-1)","1","35:38","12","23",".522","3","8",".375","6","7",".857","1","5","6","4","1","0","2","3","33","24.1","-13","L",0
"195",31,31,"2014-12-31","25-127","HOU","","CHO","W (+19)","1","33:11","12","19",".632","8","11",".727","4","4","1.000","0","7","7","6","2","1","1","1","36","35.1","+16","W",1
"196",32,32,"2015-01-02","25-129","HOU","@","NOP","L (-28)","1","25:08","5","13",".385","1","6",".167","0","0","","1","1","2","3","2","0","5","3","11","2.8","-20","L",0
"197",33,33,"2015-01-03","25-130","HOU","","MIA","W (+36)","1","28:12","9","17",".529","3","6",".500","7","7","1.000","1","4","5","2","1","0","3","1","28","20.6","+15","W",1
"198",34,34,"2015-01-05","25-132","HOU","@","CHI","L (-9)","1","38:19","7","22",".318","3","8",".375","3","3","1.000","0","2","2","4","1","2","2","4","20","9.6","-10","L",0
"199",35,35,"2015-01-07","25-134","HOU","@","CLE","W (+12)","1","33:01","6","18",".333","2","7",".286","7","7","1.000","2","5","7","9","1","0","7","0","21","14.0","+7","W",1
"200",36,36,"2015-01-08","25-135","HOU","@","NYK","W (+24)","1","30:40","8","17",".471","3","7",".429","6","6","1.000","0","4","4","9","3","0","3","2","25","23.0","+32","W",1
"201",37,37,"2015-01-10","25-137","HOU","","UTA","W (+15)","1","34:17","8","14",".571","4","8",".500","10","11",".909","1","2","3","5","1","1","6","3","30","22.3","+25","W",1
"202",38,38,"2015-01-12","25-139","HOU","@","BRK","W (+14)","1","29:47","9","13",".692","4","7",".571","8","8","1.000","0","3","3","6","2","0","2","1","30","29.2","+19","W",1
"203",39,39,"2015-01-14","25-141","HOU","@","ORL","L (-7)","1","37:58","10","16",".625","1","5",".200","5","6",".833","2","2","4","10","5","1","7","4","26","24.5","-11","L",0
"204",40,40,"2015-01-15","25-142","HOU","","OKC","W (+11)","1","37:22","9","15",".600","6","8",".750","7","9",".778","1","8","9","10","1","0","2","3","31","31.2","+23","W",1
"205",41,41,"2015-01-17","25-144","HOU","","GSW","L (-25)","1","30:04","4","15",".267","0","4",".000","4","7",".571","1","3","4","4","1","0","3","5","12","2.3","-16","L",0
"206",42,42,"2015-01-19","25-146","HOU","","IND","W (+12)","1","39:56","12","18",".667","7","12",".583","14","15",".933","1","0","1","7","4","1","5","0","45","42.1","+17","W",1
"207",43,43,"2015-01-21","25-148","HOU","@","GSW","L (-13)","1","31:57","8","18",".444","3","6",".500","14","16",".875","2","2","4","6","2","1","2","2","33","28.9","-22","L",0
"208",44,44,"2015-01-23","25-150","HOU","@","PHO","W (+2)","1","39:48","8","18",".444","3","6",".500","14","17",".824","0","6","6","10","3","1","3","4","33","30.3","+1","W",1
"209",45,45,"2015-01-25","25-152","HOU","@","LAL","W (+12)","1","35:11","12","20",".600","4","11",".364","9","10",".900","1","7","8","5","2","0","6","0","37","29.7","+16","W",1
"210",46,46,"2015-01-28","25-155","HOU","","DAL","W (+5)","1","37:38","7","14",".500","1","3",".333","2","3",".667","1","4","5","8","4","0","4","5","17","15.1","-2","W",1
"211",47,47,"2015-01-30","25-157","HOU","@","BOS","W (+6)","1","39:25","4","21",".190","2","7",".286","4","5",".800","0","6","6","7","2","0","5","2","14","3.4","+3","W",1
"212",48,48,"2015-01-31","25-158","HOU","@","DET","L (-13)","1","36:28","10","17",".588","2","4",".500","4","5",".800","0","7","7","9","2","1","4","1","26","24.4","-2","L",0
"213",49,49,"2015-02-04","25-162","HOU","","CHI","W (+11)","1","36:18","9","20",".450","3","5",".600","6","6","1.000","1","2","3","4","1","2","2","2","27","20.3","+1","W",1
"214",50,50,"2015-02-06","25-164","HOU","","MIL","W (+6)","1","40:14","9","14",".643","3","6",".500","12","17",".706","0","3","3","5","1","0","3","1","33","26.8","+9","W",1
"215",51,51,"2015-02-08","25-166","HOU","","POR","L (-11)","1","39:50","11","25",".440","4","10",".400","19","23",".826","4","5","9","8","2","0","4","2","45","37.4","-5","L",0
"216",52,52,"2015-02-10","25-168","HOU","@","PHO","W (+9)","1","42:39","13","23",".565","3","7",".429","11","14",".786","3","9","12","9","3","1","5","1","40","37.3","+16","W",1
"217",53,53,"2015-02-11","25-169","HOU","@","LAC","L (-15)","1","35:58","3","12",".250","0","7",".000","3","5",".600","0","5","5","6","3","0","5","4","9","3.1","-8","L",0
"218",54,54,"2015-02-20","25-178","HOU","@","DAL","L (-11)","1","37:20","6","14",".429","3","5",".600","11","13",".846","1","6","7","5","2","0","6","5","26","17.8","-12","L",0
"219",55,55,"2015-02-21","25-179","HOU","","TOR","W (+22)","1","29:18","5","12",".417","2","6",".333","8","10",".800","0","5","5","7","2","0","5","2","20","15.4","+9","W",1
"220",56,56,"2015-02-23","25-181","HOU","","MIN","W (+11)","1","38:39","7","20",".350","5","11",".455","12","15",".800","1","10","11","10","1","4","3","3","31","28.9","+13","W",1
"221",57,57,"2015-02-25","25-183","HOU","","LAC","W (+5)","1","36:29","4","13",".308","3","9",".333","10","12",".833","0","4","4","10","0","0","3","1","21","17.5","-6","W",1
"222",58,58,"2015-02-27","25-185","HOU","","BRK","W (+4)","1","38:20","4","15",".267","0","4",".000","7","7","1.000","0","5","5","12","1","0","4","3","15","11.8","+3","W",1
"223",59,59,"2015-03-01","25-187","HOU","","CLE","W (+2)","1","42:21","8","18",".444","2","6",".333","15","18",".833","2","6","8","5","3","2","5","3","33","27.3","+14","W",1
"225",61,60,"2015-03-04","25-190","HOU","","MEM","L (-2)","1","41:24","7","16",".438","2","7",".286","2","2","1.000","1","3","4","13","1","2","3","1","18","19.3","+10","L",0
"226",62,61,"2015-03-06","25-192","HOU","","DET","W (+10)","1","37:46","10","21",".476","2","6",".333","16","18",".889","1","11","12","12","1","0","7","1","38","32.5","+28","W",1
"227",63,62,"2015-03-07","25-193","HOU","@","DEN","W (+14)","1","36:29","8","19",".421","2","4",".500","10","11",".909","1","3","4","7","2","0","4","5","28","20.0","+5","W",1
"228",64,63,"2015-03-11","25-197","HOU","@","POR","L (-5)","1","38:08","7","19",".368","0","3",".000","4","5",".800","1","1","2","6","3","0","4","3","18","10.1","+2","L",0
"229",65,64,"2015-03-12","25-198","HOU","@","UTA","L (-18)","1","34:00","3","13",".231","0","5",".000","9","13",".692","2","2","4","7","3","0","3","1","15","12.0","-16","L",0
"230",66,65,"2015-03-15","25-201","HOU","@","LAC","W (+2)","1","40:38","7","16",".438","3","5",".600","17","18",".944","0","7","7","7","0","0","3","3","34","28.0","+5","W",1
"231",67,66,"2015-03-17","25-203","HOU","","ORL","W (+13)","1","34:40","4","14",".286","1","4",".250","8","11",".727","1","7","8","4","3","0","4","1","17","11.8","+14","W",1
"232",68,67,"2015-03-19","25-205","HOU","","DEN","W (+10)","1","40:09","12","27",".444","4","12",".333","22","25",".880","1","9","10","4","1","0","4","2","50","37.1","+22","W",1
"233",69,68,"2015-03-21","25-207","HOU","","PHO","L (-15)","1","32:33","5","19",".263","1","8",".125","5","5","1.000","1","1","2","5","0","2","5","3","16","4.4","-27","L",0
"234",70,69,"2015-03-23","25-209","HOU","@","IND","W (+10)","1","43:05","10","21",".476","3","8",".375","21","22",".955","1","3","4","7","2","2","4","4","44","37.2","+5","W",1
"235",71,70,"2015-03-25","25-211","HOU","@","NOP","W (+2)","1","37:25","9","20",".450","1","4",".250","6","9",".667","0","6","6","10","1","1","2","3","25","20.7","-2","W",1
"236",72,71,"2015-03-27","25-213","HOU","","MIN","W (+10)","1","36:56","9","19",".474","6","12",".500","9","10",".900","1","3","4","8","5","0","3","4","33","30.5","+10","W",1
"237",73,72,"2015-03-29","25-215","HOU","@","WAS","W (+8)","1","37:50","7","20",".350","1","6",".167","9","10",".900","0","3","3","6","2","1","3","3","24","16.0","+1","W",1
"238",74,73,"2015-03-30","25-216","HOU","@","TOR","L (-3)","1","37:57","9","22",".409","3","8",".375","10","12",".833","2","3","5","5","1","0","3","3","31","21.0","-13","L",0
"239",75,74,"2015-04-01","25-218","HOU","","SAC","W (+4)","1","37:33","16","25",".640","8","9",".889","11","13",".846","2","6","8","6","3","0","7","1","51","42.1","+10","W",1
"240",76,75,"2015-04-02","25-219","HOU","@","DAL","W (+7)","1","38:57","6","15",".400","2","8",".250","10","12",".833","0","4","4","6","1","0","5","2","24","15.7","+12","W",1
"241",77,76,"2015-04-05","25-222","HOU","@","OKC","W (+3)","1","38:04","12","22",".545","6","9",".667","11","13",".846","2","4","6","6","3","0","3","6","41","34.0","-3","W",1
"242",78,77,"2015-04-08","25-225","HOU","@","SAS","L (-12)","1","35:22","6","15",".400","2","6",".333","8","8","1.000","2","2","4","4","1","0","1","1","22","18.3","-26","L",0
"243",79,78,"2015-04-10","25-227","HOU","","SAS","L (-1)","1","37:41","5","19",".263","2","5",".400","4","6",".667","0","2","2","10","3","0","4","2","16","9.7","-2","L",0
"244",80,79,"2015-04-12","25-229","HOU","","NOP","W (+7)","1","37:47","10","18",".556","1","6",".167","9","9","1.000","0","1","1","7","1","1","4","2","30","23.5","+1","W",1
"245",81,80,"2015-04-13","25-230","HOU","@","CHO","W (+10)","1","36:53","7","20",".350","1","8",".125","14","16",".875","2","4","6","6","1","2","2","1","29","23.8","0","W",1
"246",82,81,"2015-04-15","25-232","HOU","","UTA","W (+26)","1","27:27","3","8",".375","2","5",".400","8","8","1.000","0","11","11","10","1","1","6","2","16","16.8","+28","W",1
"247",1,1,"2015-10-28","26-063","HOU","","DEN","L (-20)","1","36:23","6","21",".286","2","12",".167","8","9",".889","1","5","6","6","2","2","3","2","22","15.3","-20","L",0
"248",2,2,"2015-10-30","26-065","HOU","","GSW","L (-20)","1","37:00","4","18",".222","1","10",".100","7","8",".875","2","5","7","5","1","1","4","2","16","7.9","-22","L",0
"249",3,3,"2015-11-01","26-067","HOU","@","MIA","L (-20)","1","39:06","2","15",".133","0","10",".000","12","14",".857","0","6","6","7","3","1","5","2","16","10.1","-23","L",0
"250",4,4,"2015-11-02","26-068","HOU","","OKC","W (+5)","1","38:28","12","26",".462","4","12",".333","9","11",".818","0","5","5","3","3","2","2","1","37","28.4","+6","W",1
"251",5,5,"2015-11-04","26-070","HOU","","ORL","W (+5)","1","43:39","6","22",".273","2","11",".182","14","17",".824","2","5","7","4","0","0","7","5","28","10.5","+2","W",1
"252",6,6,"2015-11-06","26-072","HOU","@","SAC","W (+6)","1","41:51","13","23",".565","4","10",".400","13","16",".813","2","4","6","13","2","0","7","0","43","37.6","+24","W",1
"253",7,7,"2015-11-07","26-073","HOU","@","LAC","W (+4)","1","39:39","14","26",".538","5","10",".500","13","14",".929","0","4","4","2","1","0","7","4","46","28.0","+6","W",1
"254",8,8,"2015-11-11","26-077","HOU","","BRK","L (-8)","1","38:26","8","22",".364","3","10",".300","4","5",".800","0","9","9","6","1","0","4","2","23","13.5","+1","L",0
"255",9,9,"2015-11-13","26-079","HOU","@","DEN","L (-9)","1","37:53","9","19",".474","1","5",".200","9","11",".818","0","8","8","5","3","2","4","4","28","22.2","-9","L",0
"256",10,10,"2015-11-14","26-080","HOU","","DAL","L (-12)","1","41:40","5","21",".238","1","6",".167","14","14","1.000","3","4","7","10","2","1","6","4","25","17.7","-12","L",0
"257",11,11,"2015-11-16","26-082","HOU","","BOS","L (-16)","1","29:41","4","10",".400","4","7",".571","4","4","1.000","0","1","1","3","0","0","4","4","16","7.4","-27","L",0
"258",12,12,"2015-11-18","26-084","HOU","","POR","W (+5)","1","47:24","11","29",".379","4","15",".267","19","20",".950","1","7","8","11","5","1","5","2","45","39.1","+10","W",1
"259",13,13,"2015-11-20","26-086","HOU","@","MEM","L (-12)","1","35:36","7","15",".467","1","7",".143","7","8",".875","0","6","6","5","2","2","6","1","22","16.2","-10","L",0
"260",14,14,"2015-11-21","26-087","HOU","","NYK","L (-5)","1","38:18","8","20",".400","3","4",".750","5","5","1.000","1","6","7","10","3","2","3","3","24","22.9","-10","L",0
"261",15,15,"2015-11-25","26-091","HOU","","MEM","L (-9)","1","40:54","12","19",".632","5","9",".556","11","11","1.000","1","4","5","5","3","1","4","2","40","35.8","+1","L",0
"262",16,16,"2015-11-27","26-093","HOU","","PHI","W (+2)","1","40:09","14","28",".500","6","12",".500","16","20",".800","2","7","9","8","0","0","9","2","50","33.7","+13","W",1
"263",17,17,"2015-11-29","26-095","HOU","@","NYK","W (+5)","1","45:18","10","28",".357","0","7",".000","6","10",".600","3","4","7","9","2","0","2","2","26","17.6","+10","W",1
"264",18,18,"2015-11-30","26-096","HOU","@","DET","L (-11)","1","42:22","6","15",".400","2","4",".500","15","17",".882","1","8","9","7","2","0","5","4","29","23.5","-4","L",0
"265",19,19,"2015-12-02","26-098","HOU","","NOP","W (+7)","1","37:40","7","20",".350","1","8",".125","9","10",".900","0","10","10","6","1","1","0","1","24","20.9","+11","W",1
"266",20,20,"2015-12-04","26-100","HOU","@","DAL","W (+4)","1","36:08","10","23",".435","1","6",".167","4","5",".800","1","7","8","9","1","2","4","1","25","19.6","-1","W",1
"267",21,21,"2015-12-05","26-101","HOU","","SAC","W (+7)","1","35:43","6","14",".429","5","6",".833","14","16",".875","0","2","2","9","0","1","5","4","31","23.8","+1","W",1
"268",22,22,"2015-12-08","26-104","HOU","@","BRK","L (-5)","1","35:21","2","9",".222","1","5",".200","5","6",".833","0","3","3","9","3","0","7","2","10","6.5","-15","L",0
"269",23,23,"2015-12-09","26-105","HOU","@","WAS","W (+6)","1","40:02","13","23",".565","5","9",".556","11","12",".917","2","7","9","7","2","2","7","4","42","33.9","+7","W",1
"270",24,24,"2015-12-12","26-108","HOU","","LAL","W (+29)","1","31:39","11","21",".524","3","5",".600","5","5","1.000","0","3","3","3","3","0","2","2","30","22.9","+6","W",1
"271",25,25,"2015-12-14","26-110","HOU","@","DEN","L (-6)","1","34:23","9","20",".450","5","8",".625","1","3",".333","1","2","3","6","3","0","2","1","24","18.9","+9","L",0
"272",26,26,"2015-12-15","26-111","HOU","@","SAC","L (-10)","1","36:27","10","18",".556","4","8",".500","9","12",".750","1","6","7","6","1","0","7","2","33","23.1","-5","L",0
"273",27,27,"2015-12-17","26-113","HOU","@","LAL","W (+20)","1","36:08","7","24",".292","2","9",".222","9","10",".900","2","4","6","6","1","1","3","2","25","15.3","+31","W",1
"274",28,28,"2015-12-19","26-115","HOU","","LAC","W (+10)","1","33:43","4","13",".308","0","4",".000","10","10","1.000","0","5","5","11","0","1","5","4","18","13.8","+8","W",1
"275",29,29,"2015-12-21","26-117","HOU","","CHO","W (+7)","1","34:58","9","16",".563","2","7",".286","16","19",".842","1","4","5","7","0","1","4","4","36","29.1","-1","W",1
"276",30,30,"2015-12-23","26-119","HOU","@","ORL","L (-3)","1","40:15","12","18",".667","2","4",".500","5","6",".833","0","3","3","7","1","0","3","2","31","25.8","+3","L",0
"277",31,31,"2015-12-25","26-121","HOU","","SAS","W (+4)","1","38:00","7","21",".333","2","6",".333","4","5",".800","0","4","4","9","0","1","4","3","20","10.7","-6","W",1
"278",32,32,"2015-12-26","26-122","HOU","@","NOP","L (-2)","1","33:54","8","21",".381","5","11",".455","4","4","1.000","1","5","6","5","1","0","2","4","25","16.6","-5","L",0
"279",33,33,"2015-12-29","26-125","HOU","","ATL","L (-6)","1","38:45","6","16",".375","3","6",".500","11","12",".917","0","10","10","8","1","0","7","3","26","18.2","-2","L",0
"280",34,34,"2015-12-31","26-127","HOU","","GSW","L (-4)","1","34:24","8","19",".421","5","10",".500","9","9","1.000","0","5","5","5","3","0","3","5","30","22.9","+11","L",0
"281",35,35,"2016-01-02","26-129","HOU","@","SAS","L (-18)","1","30:26","6","10",".600","2","5",".400","3","3","1.000","1","1","2","3","1","0","5","3","17","10.3","-31","L",0
"282",36,36,"2016-01-04","26-131","HOU","@","UTA","W (+2)","1","42:12","9","25",".360","4","12",".333","8","9",".889","2","3","5","7","0","1","8","3","30","14.4","+2","W",1
"283",37,37,"2016-01-07","26-134","HOU","","UTA","W (+9)","1","34:07","13","25",".520","0","7",".000","7","10",".700","2","6","8","3","2","1","4","1","33","23.1","+2","W",1
"284",38,38,"2016-01-10","26-137","HOU","","IND","W (+4)","1","42:34","8","20",".400","2","9",".222","3","4",".750","0","9","9","9","1","0","5","5","21","12.8","-2","W",1
"285",39,39,"2016-01-12","26-139","HOU","@","MEM","W (+16)","1","33:16","6","13",".462","4","9",".444","9","10",".900","1","4","5","5","1","0","6","4","25","16.7","+7","W",1
"286",40,40,"2016-01-13","26-140","HOU","","MIN","W (+3)","1","34:35","8","22",".364","2","10",".200","9","11",".818","0","3","3","11","1","0","6","1","27","17.2","-7","W",1
"287",41,41,"2016-01-15","26-142","HOU","","CLE","L (-14)","1","38:14","2","10",".200","0","5",".000","7","7","1.000","0","5","5","5","3","1","8","5","11","3.5","-2","L",0
"288",42,42,"2016-01-17","26-144","HOU","@","LAL","W (+17)","1","27:15","10","17",".588","4","7",".571","7","10",".700","0","3","3","5","0","0","2","1","31","23.9","+10","W",1
"289",43,43,"2016-01-18","26-145","HOU","@","LAC","L (-8)","1","40:21","5","12",".417","2","7",".286","8","13",".615","0","3","3","8","0","0","3","4","20","13.5","-15","L",0
"290",44,44,"2016-01-20","26-147","HOU","","DET","L (-9)","1","36:03","9","22",".409","3","7",".429","12","12","1.000","2","15","17","14","1","0","6","5","33","29.9","-11","L",0
"291",45,45,"2016-01-22","26-149","HOU","","MIL","W (+4)","1","34:06","9","15",".600","5","8",".625","7","8",".875","0","5","5","8","2","0","2","2","30","29.0","+9","W",1
"292",46,46,"2016-01-24","26-151","HOU","","DAL","W (+11)","1","35:40","7","18",".389","3","10",".300","6","6","1.000","2","13","15","10","0","2","2","1","23","24.5","+10","W",1
"293",47,47,"2016-01-25","26-152","HOU","@","NOP","W (+1)","1","41:11","11","20",".550","3","5",".600","10","10","1.000","0","11","11","8","1","1","2","4","35","32.4","+15","W",1
"294",48,48,"2016-01-27","26-154","HOU","@","SAS","L (-31)","1","27:36","5","10",".500","1","3",".333","9","9","1.000","1","2","3","2","0","1","5","1","20","13.0","-24","L",0
"295",49,49,"2016-01-29","26-156","HOU","@","OKC","L (-8)","1","39:24","8","22",".364","2","7",".286","15","17",".882","0","7","7","7","2","1","3","2","33","25.9","-6","L",0
"296",50,50,"2016-01-30","26-157","HOU","","WAS","L (-1)","1","37:20","12","20",".600","6","9",".667","10","10","1.000","1","6","7","11","4","0","2","5","40","41.0","-2","L",0
"297",51,51,"2016-02-02","26-160","HOU","","MIA","W (+13)","1","34:40","10","19",".526","3","8",".375","3","4",".750","0","4","4","14","2","1","3","2","26","26.2","+12","W",1
"298",52,52,"2016-02-04","26-162","HOU","@","PHO","W (+6)","1","36:09","4","19",".211","2","9",".222","7","7","1.000","2","7","9","6","2","0","4","2","17","10.2","+14","W",1
"299",53,53,"2016-02-06","26-164","HOU","","POR","L (-17)","1","35:33","7","18",".389","4","9",".444","15","18",".833","0","8","8","3","3","1","10","2","33","19.4","-15","L",0
"300",54,54,"2016-02-09","26-167","HOU","@","GSW","L (-13)","1","40:05","10","21",".476","6","10",".600","11","13",".846","0","5","5","5","3","1","1","2","37","32.4","-3","L",0
"301",55,55,"2016-02-10","26-168","HOU","@","POR","L (-13)","1","41:44","10","20",".500","3","8",".375","11","14",".786","2","7","9","11","2","0","8","4","34","26.4","-9","L",0
"302",56,56,"2016-02-19","26-177","HOU","@","PHO","W (+16)","1","33:24","6","16",".375","1","9",".111","14","17",".824","1","9","10","7","3","1","2","5","27","25.0","+33","W",1
"303",57,57,"2016-02-23","26-181","HOU","@","UTA","L (-3)","1","43:58","16","30",".533","2","7",".286","8","10",".800","1","4","5","4","2","0","5","5","42","26.3","+2","L",0
"304",58,58,"2016-02-25","26-183","HOU","@","POR","W (+14)","1","46:25","16","26",".615","4","9",".444","10","13",".769","2","3","5","8","3","0","5","5","46","36.9","+17","W",1
"305",59,59,"2016-02-27","26-185","HOU","","SAS","L (-10)","1","41:22","10","25",".400","3","8",".375","4","4","1.000","1","3","4","2","1","0","5","2","27","11.7","-12","L",0
"306",60,60,"2016-02-29","26-187","HOU","@","MIL","L (-7)","1","39:58","8","16",".500","3","7",".429","7","7","1.000","0","6","6","9","3","0","4","3","26","23.9","+9","L",0
"307",61,61,"2016-03-02","26-189","HOU","","NOP","W (+5)","1","39:43","11","24",".458","1","9",".111","16","18",".889","3","9","12","7","4","1","8","3","39","31.0","+10","W",1
"308",62,62,"2016-03-05","26-192","HOU","@","CHI","L (-8)","1","39:48","10","26",".385","4","12",".333","12","14",".857","1","4","5","8","0","0","9","5","36","17.5","-2","L",0
"309",63,63,"2016-03-06","26-193","HOU","@","TOR","W (+6)","1","42:41","11","20",".550","3","7",".429","15","19",".789","0","5","5","14","1","0","1","4","40","38.5","+17","W",1
"310",64,64,"2016-03-09","26-196","HOU","@","PHI","W (+14)","1","41:15","8","26",".308","0","8",".000","13","13","1.000","2","7","9","8","1","1","4","4","29","19.2","+19","W",1
"311",65,65,"2016-03-11","26-198","HOU","@","BOS","W (+4)","1","36:12","9","19",".474","1","6",".167","13","15",".867","0","3","3","4","1","1","6","4","32","19.3","+1","W",1
"312",66,66,"2016-03-12","26-199","HOU","@","CHO","L (-16)","1","33:42","2","14",".143","0","5",".000","8","9",".889","1","2","3","10","2","0","1","3","12","10.7","-23","L",0
"313",67,67,"2016-03-14","26-201","HOU","","MEM","W (+49)","1","25:12","3","8",".375","2","5",".400","7","8",".875","0","7","7","8","1","3","5","1","15","15.6","+30","W",1
"314",68,68,"2016-03-16","26-203","HOU","","LAC","L (-16)","1","44:14","11","23",".478","5","10",".500","6","8",".750","0","5","5","8","1","1","8","2","33","20.5","-10","L",0
"315",69,69,"2016-03-18","26-205","HOU","","MIN","W (+5)","1","38:28","11","20",".550","3","8",".375","4","4","1.000","0","5","5","14","3","0","9","2","29","23.9","+10","W",1
"316",70,70,"2016-03-19","26-206","HOU","@","ATL","L (-12)","1","36:48","7","17",".412","3","5",".600","8","8","1.000","1","5","6","8","1","1","3","2","25","21.6","-4","L",0
"317",71,71,"2016-03-22","26-209","HOU","@","OKC","L (-4)","1","40:23","7","17",".412","2","8",".250","8","8","1.000","0","7","7","16","4","0","5","6","24","24.8","+1","L",0
"318",72,72,"2016-03-23","26-210","HOU","","UTA","L (-2)","1","41:51","8","19",".421","2","6",".333","8","9",".889","0","7","7","10","8","0","5","3","26","26.4","-8","L",0
"319",73,73,"2016-03-25","26-212","HOU","","TOR","W (+3)","1","41:56","11","22",".500","3","7",".429","7","10",".700","0","10","10","13","1","1","7","3","32","25.4","+2","W",1
"320",74,74,"2016-03-27","26-214","HOU","@","IND","L (-3)","1","43:32","11","22",".500","4","11",".364","8","11",".727","0","8","8","8","1","0","5","1","34","25.4","+2","L",0
"321",75,75,"2016-03-29","26-216","HOU","@","CLE","W (+6)","1","44:20","8","16",".500","3","8",".375","8","10",".800","2","4","6","8","1","0","4","2","27","22.6","+14","W",1
"322",76,76,"2016-03-31","26-218","HOU","","CHI","L (-3)","1","42:20","8","20",".400","2","7",".286","6","8",".750","0","4","4","8","0","2","4","1","24","16.2","-8","L",0
"323",77,77,"2016-04-03","26-221","HOU","","OKC","W (+8)","1","42:38","12","25",".480","5","11",".455","12","14",".857","1","3","4","9","3","1","5","2","41","33.3","+9","W",1
"324",78,78,"2016-04-06","26-224","HOU","@","DAL","L (-2)","1","43:57","8","22",".364","4","10",".400","6","7",".857","0","5","5","4","1","2","6","4","26","12.5","-1","L",0
"325",79,79,"2016-04-07","26-225","HOU","","PHO","L (-9)","1","43:24","10","14",".714","5","6",".833","5","7",".714","0","2","2","7","2","0","3","3","30","26.7","-4","L",0
"326",80,80,"2016-04-10","26-228","HOU","","LAL","W (+20)","1","41:22","14","31",".452","6","14",".429","6","8",".750","1","3","4","13","4","0","4","2","40","33.0","+23","W",1
"327",81,81,"2016-04-11","26-229","HOU","@","MIN","W (+24)","1","31:40","12","21",".571","5","7",".714","5","7",".714","0","1","1","6","0","0","3","0","34","24.8","+29","W",1
"328",82,82,"2016-04-13","26-231","HOU","","SAC","W (+35)","1","30:16","13","27",".481","5","10",".500","7","8",".875","2","2","4","4","0","0","1","3","38","26.5","+21","W",1
"329",1,1,"2016-10-26","27-061","HOU","@","LAL","L (-6)","1","37:11","9","19",".474","1","7",".143","15","16",".938","3","4","7","17","1","0","7","5","34","31.1","+10","L",0
"330",2,2,"2016-10-28","27-063","HOU","@","DAL","W (+8)","1","35:51","9","18",".500","4","9",".444","4","5",".800","1","6","7","8","1","0","4","4","26","20.1","+7","W",1
"331",3,3,"2016-10-30","27-065","HOU","","DAL","W (+1)","1","38:37","8","23",".348","3","9",".333","9","12",".750","1","6","7","8","1","0","8","4","28","13.4","+1","W",1
"332",4,4,"2016-11-01","27-067","HOU","@","CLE","L (-8)","1","38:10","13","20",".650","5","9",".556","10","14",".714","1","6","7","15","1","0","1","3","41","42.4","+10","L",0
"333",5,5,"2016-11-02","27-068","HOU","@","NYK","W (+19)","1","33:56","9","16",".563","5","12",".417","7","8",".875","1","5","6","15","2","0","3","1","30","33.3","+21","W",1
"334",6,6,"2016-11-05","27-071","HOU","@","ATL","L (-15)","1","36:55","10","19",".526","4","8",".500","6","7",".857","1","8","9","11","3","0","8","4","30","24.5","-8","L",0
"335",7,7,"2016-11-07","27-073","HOU","@","WAS","W (+8)","1","39:48","9","19",".474","3","7",".429","11","11","1.000","0","5","5","15","0","0","7","2","32","26.5","+9","W",1
"336",8,8,"2016-11-09","27-075","HOU","@","SAS","W (+2)","1","40:50","9","19",".474","1","5",".200","5","7",".714","2","10","12","15","1","0","8","1","24","21.0","+13","W",1
"337",9,9,"2016-11-12","27-078","HOU","","SAS","L (-6)","1","38:56","7","18",".389","2","9",".222","9","11",".818","5","6","11","13","0","0","7","1","25","21.4","+1","L",0
"338",10,10,"2016-11-14","27-080","HOU","","PHI","W (+27)","1","33:01","12","20",".600","4","8",".500","5","5","1.000","1","6","7","9","1","1","5","2","33","28.5","+23","W",1
"339",11,11,"2016-11-16","27-082","HOU","@","OKC","L (-2)","1","36:44","4","16",".250","1","5",".200","4","7",".571","3","4","7","13","3","0","6","1","13","11.2","-5","L",0
"340",12,12,"2016-11-17","27-083","HOU","","POR","W (+17)","1","31:37","7","17",".412","3","8",".375","9","11",".818","1","11","12","14","3","0","4","3","26","27.7","+23","W",1
"341",13,13,"2016-11-19","27-085","HOU","","UTA","W (+9)","1","34:55","10","24",".417","4","10",".400","7","9",".778","0","4","4","10","0","2","0","3","31","25.8","-2","W",1
"342",14,14,"2016-11-21","27-087","HOU","@","DET","W (+3)","1","37:38","6","17",".353","2","9",".222","14","19",".737","2","6","8","11","0","1","6","2","28","21.3","+6","W",1
"343",15,15,"2016-11-23","27-089","HOU","","TOR","L (-13)","1","40:32","7","13",".538","3","8",".375","12","12","1.000","0","6","6","15","2","1","12","4","29","24.1","-12","L",0
"344",16,16,"2016-11-25","27-091","HOU","@","SAC","W (+13)","1","39:59","6","18",".333","3","11",".273","8","8","1.000","1","8","9","10","0","0","5","2","23","17.1","+10","W",1
"345",17,17,"2016-11-27","27-093","HOU","@","POR","W (+16)","1","34:29","11","22",".500","5","12",".417","11","13",".846","1","1","2","10","2","1","5","3","38","30.7","+8","W",1
"346",18,18,"2016-11-29","27-095","HOU","@","UTA","L (-19)","1","35:08","8","23",".348","2","6",".333","8","10",".800","3","2","5","7","2","0","2","3","26","18.7","-19","L",0
"347",19,19,"2016-12-01","27-097","HOU","@","GSW","W (+5)","1","45:48","8","23",".348","2","11",".182","11","14",".786","1","14","15","13","2","1","7","4","29","23.0","-6","W",1
"348",20,20,"2016-12-02","27-098","HOU","@","DEN","W (+18)","1","33:15","6","16",".375","1","5",".200","7","8",".875","1","6","7","9","1","1","5","3","20","15.1","+12","W",1
"349",21,21,"2016-12-05","27-101","HOU","","BOS","W (+1)","1","35:19","8","14",".571","3","5",".600","18","18","1.000","1","7","8","7","3","0","10","2","37","30.3","+3","W",1
"350",22,22,"2016-12-07","27-103","HOU","","LAL","W (+39)","1","29:47","8","14",".571","4","7",".571","5","6",".833","0","6","6","7","4","0","4","0","25","24.7","+19","W",1
"351",23,23,"2016-12-09","27-105","HOU","@","OKC","W (+3)","1","36:45","6","23",".261","2","11",".182","7","8",".875","1","8","9","12","2","0","8","5","21","10.4","+2","W",1
"352",24,24,"2016-12-10","27-106","HOU","","DAL","W (+22)","1","39:55","4","12",".333","2","8",".250","8","10",".800","0","9","9","17","2","0","4","1","18","22.6","+21","W",1
"353",25,25,"2016-12-12","27-108","HOU","","BRK","W (+4)","1","38:30","12","27",".444","4","11",".364","8","12",".667","3","5","8","11","2","0","4","3","36","28.4","-2","W",1
"354",26,26,"2016-12-14","27-110","HOU","","SAC","W (+34)","1","29:52","4","7",".571","3","6",".500","4","4","1.000","0","11","11","14","1","0","5","0","15","20.8","+29","W",1
"355",27,27,"2016-12-16","27-112","HOU","","NOP","W (+22)","1","33:50","7","15",".467","6","12",".500","9","11",".818","2","9","11","13","0","0","4","2","29","28.9","+14","W",1
"356",28,28,"2016-12-17","27-113","HOU","@","MIN","W (+2)","1","42:54","8","20",".400","3","11",".273","9","11",".818","0","9","9","13","1","2","7","5","28","21.6","+4","W",1
"357",29,29,"2016-12-20","27-116","HOU","","SAS","L (-2)","1","36:48","10","26",".385","1","11",".091","10","10","1.000","2","8","10","7","1","0","3","1","31","23.1","+1","L",0
"358",30,30,"2016-12-21","27-117","HOU","@","PHO","W (+14)","1","34:46","8","18",".444","5","11",".455","6","8",".750","1","4","5","14","1","0","2","1","27","27.1","+4","W",1
"359",31,31,"2016-12-23","27-119","HOU","@","MEM","L (-6)","1","36:11","6","13",".462","2","6",".333","2","3",".667","1","6","7","17","1","0","9","5","16","13.3","+10","L",0
"360",32,32,"2016-12-26","27-122","HOU","","PHO","W (+16)","1","30:06","9","18",".500","2","9",".222","12","15",".800","1","4","5","12","0","0","7","4","32","23.5","+24","W",1
"361",33,33,"2016-12-27","27-123","HOU","@","DAL","W (+16)","1","29:57","9","16",".563","4","7",".571","12","12","1.000","2","3","5","11","0","1","7","2","34","29.3","+13","W",1
"362",34,34,"2016-12-30","27-126","HOU","","LAC","W (+24)","1","33:39","10","15",".667","2","5",".400","8","9",".889","1","12","13","10","5","2","6","1","30","34.4","-2","W",1
"363",35,35,"2016-12-31","27-127","HOU","","NYK","W (+7)","1","42:05","14","26",".538","9","16",".563","16","18",".889","3","13","16","17","0","0","8","2","53","48.7","+13","W",1
"364",36,36,"2017-01-02","27-129","HOU","","WAS","W (+10)","1","42:04","6","24",".250","2","11",".182","9","10",".900","1","9","10","10","3","0","6","1","23","15.2","+14","W",1
"365",37,37,"2017-01-05","27-132","HOU","","OKC","W (+2)","1","38:05","6","16",".375","2","7",".286","12","14",".857","1","7","8","12","1","1","6","2","26","22.5","+2","W",1
"366",38,38,"2017-01-06","27-133","HOU","@","ORL","W (+7)","1","34:09","5","15",".333","0","8",".000","4","6",".667","1","5","6","10","1","0","6","4","14","7.3","-6","W",1
"367",39,39,"2017-01-08","27-135","HOU","@","TOR","W (+7)","1","37:51","13","26",".500","4","9",".444","10","10","1.000","3","7","10","11","2","2","10","3","40","31.1","-3","W",1
"368",40,40,"2017-01-10","27-137","HOU","","CHO","W (+7)","1","37:47","11","24",".458","7","14",".500","11","14",".786","1","14","15","10","0","0","4","3","40","33.1","+2","W",1
"369",41,41,"2017-01-11","27-138","HOU","@","MIN","L (-14)","1","38:38","10","23",".435","2","11",".182","11","13",".846","0","6","6","12","1","2","6","0","33","26.7","-10","L",0
"370",42,42,"2017-01-13","27-140","HOU","","MEM","L (-5)","1","36:43","6","14",".429","2","7",".286","13","14",".929","0","3","3","9","1","0","7","3","27","19.2","-2","L",0
"371",43,43,"2017-01-15","27-142","HOU","@","BRK","W (+25)","1","31:31","6","16",".375","4","9",".444","6","7",".857","2","10","12","11","1","0","7","4","22","17.3","+18","W",1
"372",44,44,"2017-01-17","27-144","HOU","@","MIA","L (-6)","1","39:20","12","30",".400","4","15",".267","12","13",".923","1","11","12","10","2","0","6","3","40","29.2","0","L",0
"373",45,45,"2017-01-18","27-145","HOU","","MIL","W (+19)","1","36:42","14","25",".560","4","11",".364","6","6","1.000","0","6","6","8","0","2","2","2","38","32.1","+21","W",1
"374",46,46,"2017-01-20","27-147","HOU","","GSW","L (-17)","1","34:56","6","13",".462","0","5",".000","5","5","1.000","0","6","6","11","1","0","7","3","17","12.6","-20","L",0
"375",47,47,"2017-01-21","27-148","HOU","@","MEM","W (+24)","1","33:53","7","9",".778","4","6",".667","11","12",".917","1","5","6","10","3","2","6","3","29","31.5","+21","W",1
"376",48,48,"2017-01-23","27-150","HOU","@","MIL","L (-13)","1","39:33","6","10",".600","2","4",".500","12","14",".857","0","8","8","12","3","1","11","3","26","22.9","+5","L",0
"377",49,49,"2017-01-25","27-152","HOU","@","BOS","L (-11)","1","37:01","6","18",".333","2","11",".182","16","19",".842","0","6","6","12","1","1","7","3","30","22.3","-14","L",0
"378",50,50,"2017-01-27","27-154","HOU","@","PHI","W (+5)","1","39:09","16","28",".571","6","11",".545","13","14",".929","1","12","13","13","2","1","5","4","51","46.9","+13","W",1
"379",51,51,"2017-01-29","27-156","HOU","@","IND","L (-19)","1","31:49","3","17",".176","2","10",".200","7","7","1.000","1","4","5","8","3","0","8","5","15","4.8","-23","L",0
"380",52,52,"2017-01-31","27-158","HOU","","SAC","W (+22)","1","31:44","3","9",".333","0","5",".000","4","4","1.000","0","7","7","8","1","0","5","2","10","7.8","+17","W",1
"381",53,53,"2017-02-02","27-160","HOU","","ATL","L (-5)","1","38:35","10","23",".435","5","12",".417","16","21",".762","2","6","8","8","4","0","4","3","41","34.5","+1","L",0
"382",54,54,"2017-02-03","27-161","HOU","","CHI","W (+4)","1","43:42","13","33",".394","5","13",".385","11","14",".786","1","11","12","9","1","1","2","4","42","31.3","-11","W",1
"383",55,55,"2017-02-07","27-165","HOU","","ORL","W (+24)","1","36:00","6","21",".286","3","10",".300","10","14",".714","1","5","6","13","3","0","4","1","25","21.0","+18","W",1
"384",56,56,"2017-02-09","27-167","HOU","@","CHO","W (+12)","1","39:27","8","21",".381","4","9",".444","10","12",".833","1","10","11","8","1","1","9","4","30","18.1","+13","W",1
"385",57,57,"2017-02-11","27-169","HOU","","PHO","W (+31)","1","29:13","9","17",".529","8","15",".533","14","16",".875","1","5","6","8","0","0","8","2","40","29.9","+26","W",1
"386",58,58,"2017-02-15","27-173","HOU","","MIA","L (-8)","1","41:43","10","21",".476","4","10",".400","14","16",".875","3","9","12","12","0","1","4","5","38","34.4","-6","L",0
"387",59,59,"2017-02-23","27-181","HOU","@","NOP","W (+30)","1","29:41","3","9",".333","1","6",".167","6","6","1.000","0","4","4","14","3","0","4","1","13","17.5","+27","W",1
"388",60,60,"2017-02-25","27-183","HOU","","MIN","W (+12)","1","35:08","6","15",".400","5","11",".455","7","10",".700","0","5","5","10","2","1","7","1","24","18.5","+5","W",1
"389",61,61,"2017-02-27","27-185","HOU","","IND","L (-9)","1","39:03","5","17",".294","1","9",".111","14","17",".824","1","6","7","12","2","0","2","2","25","24.0","-9","L",0
"390",62,62,"2017-03-01","27-187","HOU","@","LAC","W (+19)","1","35:33","7","15",".467","4","9",".444","8","8","1.000","0","3","3","9","1","0","7","4","26","17.9","0","W",1
"391",63,63,"2017-03-04","27-190","HOU","","MEM","W (+15)","1","36:20","9","15",".600","6","10",".600","9","13",".692","1","6","7","11","2","0","5","2","33","30.9","+13","W",1
"392",64,64,"2017-03-06","27-192","HOU","@","SAS","L (-2)","1","36:00","13","20",".650","6","9",".667","7","8",".875","1","2","3","12","0","0","7","2","39","31.7","-3","L",0
"393",65,65,"2017-03-08","27-194","HOU","","UTA","L (-7)","1","37:04","10","22",".455","0","8",".000","15","16",".938","0","4","4","6","2","1","6","1","35","24.9","+1","L",0
"394",66,66,"2017-03-10","27-196","HOU","@","CHI","W (+21)","1","33:16","6","16",".375","3","9",".333","4","5",".800","0","7","7","13","3","0","6","3","19","16.8","+18","W",1
"395",67,67,"2017-03-12","27-198","HOU","","CLE","W (+5)","1","39:48","13","28",".464","4","14",".286","8","12",".667","3","7","10","11","1","1","4","2","38","30.8","+23","W",1
"396",68,68,"2017-03-15","27-201","HOU","","LAL","W (+39)","1","31:10","6","12",".500","1","6",".167","5","7",".714","3","9","12","13","2","0","9","2","18","17.3","+10","W",1
"397",69,69,"2017-03-17","27-203","HOU","@","NOP","L (-16)","1","39:35","12","21",".571","4","10",".400","13","14",".929","2","12","14","11","2","0","5","2","41","39.6","-12","L",0
"398",70,70,"2017-03-18","27-204","HOU","@","DEN","W (+4)","1","36:52","11","23",".478","3","8",".375","15","17",".882","0","10","10","10","2","0","8","3","40","30.3","+10","W",1
"399",71,71,"2017-03-20","27-206","HOU","","DEN","W (+1)","1","39:30","13","29",".448","4","11",".364","9","11",".818","1","6","7","11","4","0","6","4","39","29.7","+2","W",1
"400",72,72,"2017-03-24","27-210","HOU","","NOP","W (+10)","1","37:45","12","24",".500","5","12",".417","9","11",".818","1","6","7","17","2","1","3","2","38","38.5","+12","W",1
"401",73,73,"2017-03-26","27-212","HOU","","OKC","W (+12)","1","36:00","8","15",".533","2","8",".250","4","5",".800","0","5","5","12","0","0","5","5","22","17.2","+11","W",1
"402",74,74,"2017-03-28","27-214","HOU","","GSW","L (-7)","1","37:52","5","20",".250","1","9",".111","13","13","1.000","3","8","11","13","1","0","6","1","24","20.2","-9","L",0
"403",75,75,"2017-03-30","27-216","HOU","@","POR","L (-10)","1","36:32","11","30",".367","2","13",".154","6","7",".857","2","6","8","4","1","0","6","2","30","13.2","-3","L",0
"404",76,76,"2017-03-31","27-217","HOU","@","GSW","L (-9)","1","34:49","4","17",".235","2","9",".222","7","7","1.000","4","8","12","8","0","1","6","3","17","11.0","-14","L",0
"406",78,77,"2017-04-05","27-222","HOU","","DEN","W (+6)","1","38:36","8","19",".421","4","10",".400","11","15",".733","0","7","7","10","1","3","4","3","31","26.3","+4","W",1
"407",79,78,"2017-04-07","27-224","HOU","","DET","L (-5)","1","37:33","10","25",".400","7","19",".368","6","7",".857","2","7","9","12","0","1","1","4","33","29.1","+8","L",0
"408",80,79,"2017-04-09","27-226","HOU","@","SAC","W (+7)","1","36:00","9","22",".409","5","13",".385","12","13",".923","0","11","11","15","1","0","10","2","35","26.8","+7","W",1
"409",81,80,"2017-04-10","27-227","HOU","@","LAC","L (-29)","1","24:22","2","9",".222","1","6",".167","9","14",".643","1","6","7","6","1","0","5","5","14","7.2","-27","L",0
"410",82,81,"2017-04-12","27-229","HOU","","MIN","W (+5)","1","34:55","8","13",".615","5","10",".500","6","8",".750","1","9","10","12","4","1","4","3","27","31.6","+19","W",1
"411",1,1,"2017-10-17","28-052","HOU","@","GSW","W (+1)","1","36:24","10","23",".435","4","9",".444","3","4",".750","1","5","6","11","1","0","3","2","27","21.6","+1","W",1
"412",2,2,"2017-10-18","28-053","HOU","@","SAC","W (+5)","1","37:46","8","21",".381","4","14",".286","7","8",".875","2","1","3","9","2","0","2","1","27","22.7","+1","W",1
"413",3,3,"2017-10-21","28-056","HOU","","DAL","W (+16)","1","30:45","10","19",".526","6","13",".462","3","4",".750","0","3","3","7","2","0","5","5","29","20.1","+31","W",1
"414",4,4,"2017-10-23","28-058","HOU","","MEM","L (-8)","1","35:08","8","20",".400","2","8",".250","4","8",".500","1","4","5","8","1","0","7","4","22","9.5","-14","L",0
"415",5,5,"2017-10-25","28-060","HOU","@","PHI","W (+1)","1","41:26","10","20",".500","2","8",".250","5","5","1.000","0","3","3","13","1","3","8","1","27","21.7","+9","W",1
"416",6,6,"2017-10-27","28-062","HOU","@","CHO","W (+16)","1","36:56","8","18",".444","4","10",".400","7","8",".875","0","10","10","11","1","0","5","4","27","22.3","-1","W",1
"417",7,7,"2017-10-28","28-063","HOU","@","MEM","L (-14)","1","33:37","6","19",".316","2","9",".222","6","7",".857","1","3","4","8","2","0","3","3","20","13.7","-13","L",0
"418",8,8,"2017-10-30","28-065","HOU","","PHI","L (-8)","1","38:27","8","21",".381","3","7",".429","10","12",".833","1","3","4","7","4","1","7","2","29","20.1","-12","L",0
"419",9,9,"2017-11-01","28-067","HOU","@","NYK","W (+22)","1","34:47","9","23",".391","6","17",".353","7","9",".778","1","4","5","9","0","0","7","5","31","16.9","+21","W",1
"420",10,10,"2017-11-03","28-069","HOU","@","ATL","W (+15)","1","30:56","8","15",".533","6","11",".545","7","10",".700","1","2","3","11","1","0","2","0","29","28.5","+19","W",1
"421",11,11,"2017-11-05","28-071","HOU","","UTA","W (+27)","1","35:15","19","25",".760","7","8",".875","11","12",".917","0","2","2","13","2","0","7","3","56","49.2","+25","W",1
"422",12,12,"2017-11-09","28-075","HOU","","CLE","W (+4)","1","42:41","8","21",".381","6","14",".429","13","14",".929","1","10","11","13","5","1","5","4","35","35.0","+3","W",1
"423",13,13,"2017-11-11","28-077","HOU","","MEM","W (+15)","1","37:35","11","25",".440","6","14",".429","10","14",".714","0","4","4","8","0","1","3","3","38","26.6","+23","W",1
"424",14,14,"2017-11-12","28-078","HOU","@","IND","W (+23)","1","33:34","9","21",".429","3","12",".250","5","5","1.000","0","5","5","15","2","0","3","1","26","25.5","+25","W",1
"425",15,15,"2017-11-14","28-080","HOU","","TOR","L (-16)","1","39:22","8","25",".320","3","11",".273","19","19","1.000","1","5","6","11","0","1","9","5","38","23.3","-2","L",0
"426",16,16,"2017-11-16","28-082","HOU","@","PHO","W (+26)","1","34:37","12","22",".545","6","11",".545","18","18","1.000","0","2","2","7","2","1","5","3","48","39.4","+15","W",1
"427",17,17,"2017-11-18","28-084","HOU","@","MEM","W (+22)","1","35:47","9","20",".450","6","12",".500","5","5","1.000","0","5","5","7","3","0","3","3","29","23.8","+5","W",1
"428",18,18,"2017-11-22","28-088","HOU","","DEN","W (+30)","1","31:38","6","16",".375","1","7",".143","8","9",".889","1","7","8","9","0","0","7","1","21","13.5","+29","W",1
"429",19,19,"2017-11-25","28-091","HOU","","NYK","W (+15)","1","36:52","12","27",".444","5","13",".385","8","10",".800","0","2","2","10","3","0","1","1","37","31.3","+2","W",1
"430",20,20,"2017-11-27","28-093","HOU","","BRK","W (+14)","1","35:47","13","20",".650","8","13",".615","3","4",".750","0","10","10","8","2","2","4","2","37","35.0","+22","W",1
"431",21,21,"2017-11-29","28-095","HOU","","IND","W (+21)","1","35:19","8","22",".364","4","12",".333","9","9","1.000","2","6","8","10","1","0","1","2","29","26.2","+26","W",1
"432",22,22,"2017-12-03","28-099","HOU","@","LAL","W (+23)","1","35:18","13","22",".591","4","9",".444","6","7",".857","1","3","4","9","2","0","4","3","36","30.1","+11","W",1
"433",23,23,"2017-12-07","28-103","HOU","@","UTA","W (+11)","1","35:09","8","19",".421","4","12",".333","9","9","1.000","0","6","6","3","1","0","3","2","29","20.0","+12","W",1
"434",24,24,"2017-12-09","28-105","HOU","@","POR","W (+7)","1","37:19","16","29",".552","4","7",".571","12","14",".857","1","7","8","3","3","0","2","2","48","38.4","+9","W",1
"435",25,25,"2017-12-11","28-107","HOU","","NOP","W (+7)","1","34:57","8","16",".500","4","10",".400","6","9",".667","0","1","1","17","6","0","3","3","26","30.8","-2","W",1
"436",26,26,"2017-12-13","28-109","HOU","","CHO","W (+12)","1","31:15","8","22",".364","3","10",".300","2","2","1.000","0","4","4","8","1","1","3","3","21","13.1","-6","W",1
"437",27,27,"2017-12-15","28-111","HOU","","SAS","W (+15)","1","33:01","6","18",".333","2","11",".182","14","16",".875","0","7","7","6","2","1","5","2","28","20.2","+12","W",1
"438",28,28,"2017-12-16","28-112","HOU","","MIL","W (+4)","1","39:12","8","21",".381","4","10",".400","11","14",".786","0","6","6","5","0","1","3","4","31","19.7","+1","W",1
"439",29,29,"2017-12-18","28-114","HOU","","UTA","W (+21)","1","37:55","6","17",".353","4","12",".333","10","10","1.000","0","6","6","6","2","1","5","2","26","19.4","+13","W",1
"440",30,30,"2017-12-20","28-116","HOU","","LAL","L (-6)","1","43:18","15","27",".556","4","6",".667","17","21",".810","0","3","3","9","1","1","6","5","51","37.4","+4","L",0
"441",31,31,"2017-12-22","28-118","HOU","","LAC","L (-10)","1","41:24","15","28",".536","6","14",".429","15","16",".938","0","4","4","8","3","0","8","6","51","36.4","-11","L",0
"442",32,32,"2017-12-25","28-121","HOU","@","OKC","L (-5)","1","38:34","7","18",".389","3","11",".273","12","14",".857","1","7","8","14","2","1","1","0","29","32.7","-7","L",0
"443",33,33,"2017-12-28","28-124","HOU","@","BOS","L (-1)","1","39:03","7","27",".259","5","15",".333","15","15","1.000","0","6","6","10","2","0","8","4","34","19.1","0","L",0
"444",34,34,"2017-12-29","28-125","HOU","@","WAS","L (-18)","1","29:25","7","14",".500","1","4",".250","5","6",".833","1","0","1","4","1","1","5","1","20","12.4","0","L",0
"445",35,35,"2017-12-31","28-127","HOU","","LAL","W (+6)","1","40:47","10","20",".500","3","8",".375","17","21",".810","0","2","2","11","2","2","1","2","40","38.3","+4","W",1
"453",43,36,"2018-01-18","28-145","HOU","","MIN","W (+18)","1","25:51","3","15",".200","1","5",".200","3","3","1.000","1","1","2","7","2","2","2","1","10","7.6","-11","W",1
"454",44,37,"2018-01-20","28-147","HOU","","GSW","W (+8)","1","34:35","8","16",".500","5","9",".556","1","2",".500","0","2","2","8","2","2","6","1","22","16.8","-6","W",1
"455",45,38,"2018-01-22","28-149","HOU","","MIA","W (+9)","1","34:49","10","26",".385","5","13",".385","3","4",".750","0","2","2","5","2","2","6","2","28","14.1","+6","W",1
"456",46,39,"2018-01-24","28-151","HOU","@","DAL","W (+7)","1","32:32","9","16",".563","6","10",".600","1","2",".500","1","4","5","13","1","1","1","1","25","28.3","+30","W",1
"457",47,40,"2018-01-26","28-153","HOU","@","NOP","L (-2)","1","33:56","5","16",".313","1","9",".111","12","14",".857","0","5","5","11","2","1","4","4","23","19.3","-12","L",0
"458",48,41,"2018-01-28","28-155","HOU","","PHO","W (+11)","1","37:57","8","21",".381","3","11",".273","8","12",".667","3","7","10","8","2","1","6","1","27","20.0","+16","W",1
"459",49,42,"2018-01-30","28-157","HOU","","ORL","W (+7)","1","46:26","19","30",".633","5","14",".357","17","18",".944","2","8","10","11","4","1","5","2","60","56.6","+7","W",1
"460",50,43,"2018-02-01","28-159","HOU","@","SAS","W (+11)","1","36:48","10","20",".500","5","12",".417","3","3","1.000","0","2","2","11","1","2","3","1","28","25.3","+18","W",1
"461",51,44,"2018-02-03","28-161","HOU","@","CLE","W (+32)","1","31:08","5","16",".313","1","11",".091","5","5","1.000","0","6","6","9","2","0","4","2","16","12.1","+11","W",1
"462",52,45,"2018-02-06","28-164","HOU","@","BRK","W (+10)","1","34:23","11","23",".478","4","10",".400","10","10","1.000","0","4","4","5","0","1","2","4","36","26.1","-7","W",1
"463",53,46,"2018-02-07","28-165","HOU","@","MIA","W (+8)","1","36:22","13","25",".520","5","12",".417","10","12",".833","0","4","4","6","3","1","4","2","41","32.2","+9","W",1
"464",54,47,"2018-02-09","28-167","HOU","","DEN","W (+26)","1","27:23","7","16",".438","5","11",".455","9","11",".818","1","6","7","11","0","0","5","2","28","23.2","+23","W",1
"465",55,48,"2018-02-11","28-169","HOU","","DAL","W (+7)","1","34:09","6","19",".316","4","13",".308","11","12",".917","0","6","6","5","2","1","3","1","27","20.3","+5","W",1
"466",56,49,"2018-02-13","28-171","HOU","@","MIN","W (+18)","1","35:49","10","20",".500","6","10",".600","8","9",".889","0","6","6","13","0","1","1","2","34","33.4","+11","W",1
"467",57,50,"2018-02-14","28-172","HOU","","SAC","W (+9)","1","35:01","7","19",".368","5","15",".333","9","11",".818","0","9","9","9","2","1","6","2","28","21.6","+14","W",1
"468",58,51,"2018-02-23","28-181","HOU","","MIN","W (+18)","1","34:28","8","25",".320","3","10",".300","12","12","1.000","0","2","2","9","2","0","4","2","31","20.8","+12","W",1
"469",59,52,"2018-02-25","28-183","HOU","@","DEN","W (+5)","1","37:15","11","20",".550","6","10",".600","13","16",".813","1","7","8","7","1","0","5","2","41","33.1","+12","W",1
"470",60,53,"2018-02-26","28-184","HOU","@","UTA","W (+11)","1","34:58","8","13",".615","1","5",".200","9","12",".750","1","10","11","5","4","0","6","1","26","23.7","+15","W",1
"471",61,54,"2018-02-28","28-186","HOU","@","LAC","W (+13)","1","33:13","7","14",".500","3","10",".300","8","9",".889","0","3","3","7","2","1","4","4","25","20.5","+17","W",1
"472",62,55,"2018-03-03","28-189","HOU","","BOS","W (+3)","1","37:48","6","18",".333","3","12",".250","11","13",".846","2","5","7","10","5","1","4","2","26","25.8","+20","W",1
"473",63,56,"2018-03-06","28-192","HOU","@","OKC","W (+10)","1","36:06","8","13",".615","1","3",".333","6","7",".857","0","5","5","11","4","1","10","4","23","19.0","+3","W",1
"474",64,57,"2018-03-07","28-193","HOU","@","MIL","W (+11)","1","34:46","8","20",".400","3","10",".300","7","7","1.000","0","5","5","6","4","1","5","2","26","19.8","+5","W",1
"475",65,58,"2018-03-09","28-195","HOU","@","TOR","L (-3)","1","33:29","15","22",".682","4","8",".500","6","7",".857","0","2","2","4","0","1","4","1","40","29.9","+1","L",0
"477",67,59,"2018-03-12","28-198","HOU","","SAS","W (+16)","1","28:56","6","17",".353","2","11",".182","14","14","1.000","2","4","6","6","0","0","3","3","28","21.1","+17","W",1
"478",68,60,"2018-03-15","28-201","HOU","","LAC","W (+5)","1","34:25","7","16",".438","2","8",".250","8","9",".889","2","3","5","7","1","1","3","3","24","19.9","+1","W",1
"479",69,61,"2018-03-17","28-203","HOU","@","NOP","W (+6)","1","37:41","11","28",".393","4","13",".308","6","8",".750","4","7","11","8","2","0","2","2","32","25.7","+18","W",1
"480",70,62,"2018-03-18","28-204","HOU","@","MIN","W (+9)","1","36:45","9","18",".500","2","9",".222","14","14","1.000","0","4","4","12","2","1","4","2","34","32.5","+10","W",1
"481",71,63,"2018-03-20","28-206","HOU","@","POR","W (+4)","1","32:47","13","25",".520","5","7",".714","11","15",".733","0","6","6","7","0","0","4","3","42","29.6","-5","W",1
"482",72,64,"2018-03-22","28-208","HOU","","DET","W (+4)","1","40:23","4","20",".200","0","8",".000","13","18",".722","0","8","8","5","2","2","3","2","21","12.1","-8","W",1
"483",73,65,"2018-03-24","28-210","HOU","","NOP","W (+23)","1","29:31","11","24",".458","3","11",".273","2","2","1.000","0","6","6","8","1","1","9","0","27","14.7","+14","W",1
"484",74,66,"2018-03-25","28-211","HOU","","ATL","W (+19)","1","30:03","6","15",".400","1","7",".143","5","5","1.000","0","10","10","15","2","0","2","2","18","22.6","+14","W",1
"486",76,67,"2018-03-30","28-216","HOU","","PHO","W (+1)","1","38:17","8","21",".381","1","8",".125","11","17",".647","0","8","8","10","2","1","4","1","28","21.8","-2","W",1
"487",77,68,"2018-04-01","28-218","HOU","@","SAS","L (-17)","1","35:57","8","19",".421","1","6",".167","8","8","1.000","1","2","3","8","0","0","5","5","25","14.8","-19","L",0
"488",78,69,"2018-04-03","28-220","HOU","","WAS","W (+16)","1","33:59","12","18",".667","5","8",".625","9","10",".900","1","9","10","9","1","1","3","1","38","37.8","+17","W",1
"489",79,70,"2018-04-05","28-222","HOU","","POR","W (+2)","1","34:21","7","13",".538","3","6",".500","7","10",".700","1","5","6","7","1","0","8","0","24","16.6","+7","W",1
"490",80,71,"2018-04-07","28-224","HOU","","OKC","L (-6)","1","36:25","7","16",".438","3","8",".375","9","12",".750","0","4","4","9","1","1","5","5","26","18.6","+2","L",0
"491",81,72,"2018-04-10","28-227","HOU","@","LAL","W (+6)","1","30:51","6","15",".400","3","7",".429","6","6","1.000","1","3","4","10","1","1","6","0","21","17.2","0","W",1
"493",1,1,"2018-10-17","29-052","HOU","","NOP","L (-19)","1","34:43","6","15",".400","3","8",".375","3","4",".750","2","7","9","10","3","1","4","2","18","18.9","-23","L",0
"494",2,2,"2018-10-20","29-055","HOU","@","LAL","W (+9)","1","37:50","10","19",".526","5","10",".500","11","15",".733","1","6","7","5","2","1","6","2","36","27.0","-3","W",1
"495",3,3,"2018-10-21","29-056","HOU","@","LAC","L (-3)","1","39:45","11","26",".423","4","12",".333","5","6",".833","0","4","4","14","2","0","3","1","31","26.4","+5","L",0
"496",4,4,"2018-10-24","29-059","HOU","","UTA","L (-11)","1","31:38","10","19",".526","3","4",".750","6","9",".667","1","4","5","7","1","0","7","4","29","17.7","-5","L",0
"500",8,5,"2018-11-03","29-069","HOU","@","CHI","W (+8)","1","33:16","7","17",".412","5","12",".417","6","8",".750","0","1","1","7","4","0","8","3","25","15.1","+9","W",1
"501",9,6,"2018-11-05","29-071","HOU","@","IND","W (+4)","1","35:07","7","15",".467","5","12",".417","9","9","1.000","0","4","4","6","3","1","5","5","28","22.4","+6","W",1
"502",10,7,"2018-11-08","29-074","HOU","@","OKC","L (-18)","1","37:32","7","19",".368","4","12",".333","1","3",".333","1","7","8","5","2","1","5","3","19","10.5","-13","L",0
"503",11,8,"2018-11-10","29-076","HOU","@","SAS","L (-7)","1","38:31","7","27",".259","1","13",".077","10","13",".769","0","6","6","3","2","2","2","3","25","11.8","-8","L",0
"504",12,9,"2018-11-11","29-077","HOU","","IND","W (+12)","1","37:59","9","20",".450","8","18",".444","14","15",".933","0","7","7","9","1","1","9","5","40","28.3","+14","W",1
"505",13,10,"2018-11-13","29-079","HOU","@","DEN","W (+10)","1","36:49","7","16",".438","2","10",".200","6","8",".750","1","4","5","11","3","1","4","3","22","20.9","+13","W",1
"506",14,11,"2018-11-15","29-081","HOU","","GSW","W (+21)","1","32:05","8","23",".348","4","14",".286","7","8",".875","0","3","3","3","2","0","1","4","27","16.1","+11","W",1
"507",15,12,"2018-11-17","29-083","HOU","","SAC","W (+20)","1","34:17","10","17",".588","4","10",".400","10","10","1.000","0","4","4","8","3","0","6","3","34","28.7","+1","W",1
"508",16,13,"2018-11-21","29-087","HOU","","DET","W (+2)","1","36:22","10","20",".500","4","9",".444","19","19","1.000","1","6","7","9","4","0","6","3","43","38.6","+9","W",1
"509",17,14,"2018-11-23","29-089","HOU","@","DET","L (-5)","1","40:53","9","27",".333","3","11",".273","12","14",".857","1","1","2","8","0","1","7","5","33","15.2","-14","L",0
"510",18,15,"2018-11-24","29-090","HOU","@","CLE","L (-9)","1","43:38","14","30",".467","5","12",".417","7","12",".583","1","3","4","13","1","0","9","3","40","24.1","-2","L",0
"511",19,16,"2018-11-26","29-092","HOU","@","WAS","L (-4)","1","47:21","17","32",".531","7","15",".467","13","15",".867","1","7","8","13","3","0","11","4","54","39.9","+7","L",0
"512",20,17,"2018-11-28","29-094","HOU","","DAL","L (-20)","1","37:21","7","15",".467","4","11",".364","7","9",".778","1","10","11","17","6","0","8","4","25","28.5","-16","L",0
"513",21,18,"2018-11-30","29-096","HOU","@","SAS","W (+31)","1","27:35","9","20",".450","3","11",".273","2","2","1.000","1","6","7","10","0","1","2","4","23","19.2","+33","W",1
"514",22,19,"2018-12-01","29-097","HOU","","CHI","W (+16)","1","30:22","9","16",".563","6","11",".545","6","7",".857","0","6","6","7","1","1","7","1","30","23.0","+11","W",1
"515",23,20,"2018-12-03","29-099","HOU","@","MIN","L (-12)","1","37:01","8","17",".471","3","7",".429","10","13",".769","0","4","4","8","2","1","5","5","29","21.6","-13","L",0
"516",24,21,"2018-12-06","29-102","HOU","@","UTA","L (-27)","1","27:58","5","16",".313","2","8",".250","3","3","1.000","1","5","6","2","0","0","7","3","15","1.2","-27","L",0
"517",25,22,"2018-12-08","29-104","HOU","@","DAL","L (-3)","1","36:39","11","22",".500","6","16",".375","7","7","1.000","0","4","4","8","1","1","6","5","35","24.5","-8","L",0
"518",26,23,"2018-12-11","29-107","HOU","","POR","W (+7)","1","32:28","10","21",".476","4","9",".444","5","7",".714","0","1","1","4","1","0","2","4","29","18.0","-15","W",1
"519",27,24,"2018-12-13","29-109","HOU","","LAL","W (+15)","1","35:28","14","26",".538","4","12",".333","18","19",".947","2","8","10","11","2","0","6","4","50","42.9","+14","W",1
"520",28,25,"2018-12-15","29-111","HOU","@","MEM","W (+8)","1","40:32","9","14",".643","3","7",".429","11","13",".846","0","12","12","10","2","0","5","1","32","32.2","+3","W",1
"521",29,26,"2018-12-17","29-113","HOU","","UTA","W (+5)","1","40:34","14","31",".452","4","12",".333","15","16",".938","0","6","6","5","5","0","5","4","47","34.2","-1","W",1
"522",30,27,"2018-12-19","29-115","HOU","","WAS","W (+18)","1","33:38","10","18",".556","6","11",".545","9","9","1.000","0","3","3","9","2","0","2","4","35","32.0","+12","W",1
"523",31,28,"2018-12-20","29-116","HOU","@","MIA","L (-2)","1","42:49","7","23",".304","6","14",".429","15","18",".833","1","5","6","12","2","0","3","4","35","28.5","+6","L",0
"524",32,29,"2018-12-22","29-118","HOU","","SAS","W (+7)","1","41:07","12","34",".353","7","19",".368","8","9",".889","2","2","4","10","2","0","3","4","39","26.0","+14","W",1
"525",33,30,"2018-12-25","29-121","HOU","","OKC","W (+4)","1","38:48","15","35",".429","5","16",".313","6","7",".857","2","4","6","7","2","1","6","3","41","25.1","+4","W",1
"526",34,31,"2018-12-27","29-123","HOU","","BOS","W (+14)","1","38:31","11","26",".423","9","18",".500","14","17",".824","0","2","2","6","0","1","6","2","45","28.7","+3","W",1
"527",35,32,"2018-12-29","29-125","HOU","@","NOP","W (+4)","1","37:01","10","25",".400","7","17",".412","14","14","1.000","3","6","9","6","3","2","7","4","41","31.4","-6","W",1
"528",36,33,"2018-12-31","29-127","HOU","","MEM","W (+12)","1","41:03","8","19",".421","6","12",".500","21","27",".778","1","9","10","13","2","0","9","3","43","34.8","+21","W",1
"529",37,34,"2019-01-03","29-130","HOU","@","GSW","W (+1)","1","44:01","13","32",".406","10","23",".435","8","9",".889","2","8","10","15","1","2","7","4","44","34.5","+5","W",1
"530",38,35,"2019-01-05","29-132","HOU","@","POR","L (-9)","1","36:59","13","35",".371","5","17",".294","7","7","1.000","0","5","5","7","1","1","7","4","38","18.2","-14","L",0
"531",39,36,"2019-01-07","29-134","HOU","","DEN","W (+12)","1","39:52","7","18",".389","6","15",".400","12","15",".800","0","5","5","14","1","1","6","4","32","26.4","+23","W",1
"532",40,37,"2019-01-09","29-136","HOU","","MIL","L (-7)","1","40:54","13","30",".433","6","16",".375","10","11",".909","1","10","11","6","2","1","9","4","42","25.8","+2","L",0
"533",41,38,"2019-01-11","29-138","HOU","","CLE","W (+28)","1","29:34","12","24",".500","8","16",".500","11","11","1.000","0","10","10","12","2","2","4","2","43","41.0","+28","W",1
"534",42,39,"2019-01-13","29-140","HOU","@","ORL","L (-7)","1","43:01","11","32",".344","1","17",".059","15","16",".938","2","7","9","12","4","0","4","3","38","30.3","0","L",0
"535",43,40,"2019-01-14","29-141","HOU","","MEM","W (+18)","1","34:06","17","33",".515","6","15",".400","17","18",".944","2","7","9","2","2","1","5","4","57","41.3","+25","W",1
"536",44,41,"2019-01-16","29-143","HOU","","BRK","L (-3)","1","45:02","16","34",".471","5","19",".263","21","23",".913","1","9","10","6","1","1","4","5","58","43.1","-8","L",0
"537",45,42,"2019-01-19","29-146","HOU","","LAL","W (+4)","1","42:08","14","30",".467","8","19",".421","12","15",".800","3","5","8","6","4","1","6","3","48","36.7","+11","W",1
"538",46,43,"2019-01-21","29-148","HOU","@","PHI","L (-28)","1","30:49","12","26",".462","6","13",".462","7","8",".875","2","4","6","3","1","2","6","4","37","22.7","-23","L",0
"539",47,44,"2019-01-23","29-150","HOU","@","NYK","W (+4)","1","40:00","17","38",".447","5","20",".250","22","25",".880","6","9","15","4","5","0","5","3","61","48.5","+19","W",1
"540",48,45,"2019-01-25","29-152","HOU","","TOR","W (+2)","1","40:18","9","25",".360","2","13",".154","15","15","1.000","0","2","2","7","0","1","4","2","35","22.5","-8","W",1
"541",49,46,"2019-01-27","29-154","HOU","","ORL","W (+5)","1","37:09","14","27",".519","4","12",".333","8","9",".889","1","10","11","6","1","3","5","3","40","31.1","-1","W",1
"542",50,47,"2019-01-29","29-156","HOU","","NOP","L (-5)","1","39:27","11","32",".344","6","18",".333","9","10",".900","2","9","11","6","4","1","5","1","37","26.2","-5","L",0
"543",51,48,"2019-02-01","29-159","HOU","@","DEN","L (-14)","1","37:12","9","21",".429","7","14",".500","5","9",".556","2","4","6","9","2","1","5","2","30","23.1","-24","L",0
"544",52,49,"2019-02-02","29-160","HOU","@","UTA","W (+27)","1","39:42","12","22",".545","4","12",".333","15","15","1.000","0","12","12","5","6","4","5","4","43","41.7","+31","W",1
"545",53,50,"2019-02-04","29-162","HOU","@","PHO","W (+8)","1","38:28","15","26",".577","5","13",".385","9","11",".818","0","8","8","6","3","1","3","3","44","37.1","+19","W",1
"546",54,51,"2019-02-06","29-164","HOU","@","SAC","W (+26)","1","31:38","13","26",".500","8","13",".615","2","2","1.000","2","4","6","1","2","1","2","4","36","25.4","+16","W",1
"547",55,52,"2019-02-09","29-167","HOU","","OKC","L (-5)","1","37:12","11","28",".393","6","16",".375","14","15",".933","0","2","2","1","1","0","5","2","42","22.9","-9","L",0
"548",56,53,"2019-02-11","29-169","HOU","","DAL","W (+16)","1","35:33","9","23",".391","6","17",".353","7","7","1.000","1","7","8","7","5","0","5","1","31","25.8","+8","W",1
"549",57,54,"2019-02-13","29-171","HOU","@","MIN","L (-10)","1","39:41","15","34",".441","8","22",".364","4","4","1.000","2","3","5","6","0","0","6","2","42","23.9","-14","L",0
"550",58,55,"2019-02-21","29-179","HOU","@","LAL","L (-5)","1","36:42","11","24",".458","2","10",".200","6","7",".857","0","6","6","6","1","1","8","6","30","14.5","-8","L",0
"552",60,56,"2019-02-25","29-183","HOU","","ATL","W (+8)","1","35:35","7","21",".333","0","10",".000","14","16",".875","0","5","5","4","1","0","6","1","28","14.2","+5","W",1
"553",61,57,"2019-02-27","29-185","HOU","@","CHO","W (+5)","1","35:45","10","29",".345","1","11",".091","9","9","1.000","0","3","3","7","2","1","1","2","30","20.4","-14","W",1
"554",62,58,"2019-02-28","29-186","HOU","","MIA","W (+3)","1","43:52","16","32",".500","8","18",".444","18","18","1.000","2","5","7","10","4","1","4","1","58","52.2","+10","W",1
"555",63,59,"2019-03-03","29-189","HOU","@","BOS","W (+11)","1","38:54","14","31",".452","6","18",".333","8","9",".889","0","7","7","4","2","1","4","6","42","26.7","+13","W",1
"556",64,60,"2019-03-05","29-191","HOU","@","TOR","W (+12)","1","36:48","12","30",".400","3","9",".333","8","8","1.000","0","1","1","3","3","0","1","4","35","21.6","-10","W",1
"557",65,61,"2019-03-08","29-194","HOU","","PHI","W (+16)","1","32:12","11","22",".500","3","11",".273","6","7",".857","0","10","10","7","2","0","5","3","31","23.3","+15","W",1
"558",66,62,"2019-03-10","29-196","HOU","@","DAL","W (+1)","1","33:55","7","25",".280","3","15",".200","3","3","1.000","1","4","5","4","0","1","5","5","20","3.7","+4","W",1
"559",67,63,"2019-03-11","29-197","HOU","","CHO","W (+12)","1","35:00","7","21",".333","3","9",".333","11","12",".917","1","5","6","10","3","0","4","3","28","22.7","+11","W",1
"560",68,64,"2019-03-13","29-199","HOU","","GSW","L (-2)","1","37:24","10","23",".435","2","12",".167","7","9",".778","0","3","3","10","3","0","2","1","29","24.6","+1","L",0
"561",69,65,"2019-03-15","29-201","HOU","","PHO","W (+6)","1","41:42","12","25",".480","3","11",".273","14","17",".824","0","9","9","11","6","3","6","3","41","38.4","+3","W",1
"562",70,66,"2019-03-17","29-203","HOU","","MIN","W (+15)","1","31:48","8","24",".333","4","12",".333","0","0","","0","2","2","10","1","0","3","4","20","10.4","+20","W",1
"563",71,67,"2019-03-19","29-205","HOU","@","ATL","W (+16)","1","33:28","8","18",".444","4","11",".364","11","12",".917","0","8","8","10","1","1","4","1","31","27.9","+10","W",1
"564",72,68,"2019-03-20","29-206","HOU","@","MEM","L (-1)","1","45:37","18","39",".462","9","17",".529","12","12","1.000","1","6","7","8","2","2","3","3","57","44.2","+11","L",0
"565",73,69,"2019-03-22","29-208","HOU","","SAS","W (+6)","1","36:40","19","34",".559","9","13",".692","14","17",".824","2","5","7","1","3","0","3","3","61","46.0","+18","W",1
"566",74,70,"2019-03-24","29-210","HOU","@","NOP","W (+23)","1","28:53","10","19",".526","6","12",".500","2","2","1.000","0","3","3","4","1","1","6","1","28","17.7","+14","W",1
"567",75,71,"2019-03-26","29-212","HOU","@","MIL","L (-14)","1","37:55","9","26",".346","1","9",".111","4","5",".800","0","10","10","7","0","2","4","4","23","11.7","-14","L",0
"568",76,72,"2019-03-28","29-214","HOU","","DEN","W (+27)","1","32:20","10","22",".455","5","11",".455","13","14",".929","2","4","6","6","1","1","4","2","38","29.9","+14","W",1
"569",77,73,"2019-03-30","29-216","HOU","","SAC","W (+11)","1","37:47","13","31",".419","7","23",".304","17","18",".944","1","10","11","10","0","0","3","1","50","40.4","+17","W",1
"570",78,74,"2019-04-02","29-219","HOU","@","SAC","W (+25)","1","29:28","12","19",".632","7","12",".583","5","6",".833","0","3","3","10","1","0","2","2","36","33.2","+29","W",1
"571",79,75,"2019-04-03","29-220","HOU","@","LAC","W (+32)","1","30:21","9","15",".600","3","7",".429","10","12",".833","1","6","7","7","0","0","6","3","31","23.5","+16","W",1
"572",80,76,"2019-04-05","29-222","HOU","","NYK","W (+24)","1","29:12","8","21",".381","5","13",".385","5","5","1.000","1","8","9","8","1","1","3","2","26","21.1","+29","W",1
"573",81,77,"2019-04-07","29-224","HOU","","PHO","W (+36)","1","29:00","10","14",".714","5","6",".833","5","7",".714","0","13","13","9","2","0","6","3","30","28.4","+39","W",1
"574",82,78,"2019-04-09","29-226","HOU","@","OKC","L (-1)","1","36:58","11","28",".393","5","15",".333","12","13",".923","1","9","10","3","1","1","4","4","39","25.0","+1","L",0
